Periodo,Mes,Departamento,Municipio,Bandera,Producto,Precio,Estado
2022,2,BOGOTA D.C.,BOGOTA  D.C.,TEXACO,GASOLINA CORRIENTE OXIGENADA,9860,A
2022,2,BOGOTA D.C.,BOGOTA  D.C.,TEXACO,BIODIESEL EXTRA,9780,A
2022,2,BOGOTA D.C.,BOGOTA  D.C.,TEXACO,GASOLINA EXTRA OXIGENADA,17250,A
2022,2,BOGOTA D.C.,BOGOTA  D.C.,TEXACO,GASOLINA CORRIENTE OXIGENADA,9860,A
2022,2,BOGOTA D.C.,BOGOTA  D.C.,TEXACO,BIODIESEL EXTRA,9780,A
2022,2,BOGOTA D.C.,BOGOTA  D.C.,TEXACO,GASOLINA EXTRA OXIGENADA,17600,A
2022,2,BOGOTA D.C.,BOGOTA  D.C.,MOBIL,GASOLINA EXTRA OXIGENADA,16860,A
2022,2,BOGOTA D.C.,BOGOTA  D.C.,MOBIL,BIODIESEL EXTRA,9145,A
2022,2,BOGOTA D.C.,BOGOTA  D.C.,MOBIL,GASOLINA CORRIENTE OXIGENADA,9398,A
2022,2,BOGOTA D.C.,BOGOTA  D.C.,MOBIL,BIODIESEL EXTRA,9034,A
2022,2,BOGOTA D.C.,BOGOTA  D.C.,MOBIL,GASOLINA CORRIENTE OXIGENADA,9517,A
2022,2,BOGOTA D.C.,BOGOTA  D.C.,MOBIL,GASOLINA CORRIENTE OXIGENADA,9560,A
2022,2,BOGOTA D.C.,BOGOTA  D.C.,MOBIL,BIODIESEL EXTRA,10210,A
2022,2,BOGOTA D.C.,BOGOTA  D.C.,TEXACO,GASOLINA EXTRA OXIGENADA,12310,A
2022,2,BOGOTA D.C.,BOGOTA  D.C.,TEXACO,GASOLINA CORRIENTE OXIGENADA,9370,A
2022,2,BOGOTA D.C.,BOGOTA  D.C.,TEXACO,BIODIESEL EXTRA,9150,A
2022,2,BOGOTA D.C.,BOGOTA  D.C.,TEXACO,BIODIESEL EXTRA,9149,A
2022,2,BOGOTA D.C.,BOGOTA  D.C.,TEXACO,GASOLINA CORRIENTE OXIGENADA,9373,A
2022,2,BOGOTA D.C.,BOGOTA  D.C.,MOBIL,BIODIESEL EXTRA,10490,A
2022,2,BOGOTA D.C.,BOGOTA  D.C.,MOBIL,GASOLINA EXTRA OXIGENADA,15940,A
2022,2,BOGOTA D.C.,BOGOTA  D.C.,MOBIL,GASOLINA CORRIENTE OXIGENADA,9230,A
2022,2,BOGOTA D.C.,BOGOTA  D.C.,TERPEL,BIODIESEL EXTRA,9150,A
2022,2,BOGOTA D.C.,BOGOTA  D.C.,TERPEL,GASOLINA EXTRA OXIGENADA,15990,A
2022,2,BOGOTA D.C.,BOGOTA  D.C.,TERPEL,GASOLINA CORRIENTE OXIGENADA,9370,A
2022,2,BOGOTA D.C.,BOGOTA  D.C.,MOBIL,GASOLINA EXTRA OXIGENADA,16000,A
2022,2,BOGOTA D.C.,BOGOTA  D.C.,MOBIL,GASOLINA CORRIENTE OXIGENADA,9000,A
2022,2,BOGOTA D.C.,BOGOTA  D.C.,MOBIL,GASOLINA CORRIENTE OXIGENADA,9325,A
2022,2,BOGOTA D.C.,BOGOTA  D.C.,MOBIL,BIODIESEL EXTRA,9729,A
2022,2,BOGOTA D.C.,BOGOTA  D.C.,MOBIL,BIODIESEL EXTRA,9000,A
2022,2,BOGOTA D.C.,BOGOTA  D.C.,MOBIL,GASOLINA EXTRA OXIGENADA,16204,A
2022,2,BOGOTA D.C.,BOGOTA  D.C.,TERPEL,BIODIESEL EXTRA,9159,A
2022,2,BOGOTA D.C.,BOGOTA  D.C.,TERPEL,GASOLINA CORRIENTE OXIGENADA,9090,A
2022,2,BOGOTA D.C.,BOGOTA  D.C.,TERPEL,GASOLINA CORRIENTE OXIGENADA,8990,A
2022,2,BOGOTA D.C.,BOGOTA  D.C.,TERPEL,BIODIESEL EXTRA,9159,A
2022,2,BOGOTA D.C.,BOGOTA  D.C.,TERPEL,GASOLINA CORRIENTE OXIGENADA,9190,A
2022,2,BOGOTA D.C.,BOGOTA  D.C.,TERPEL,BIODIESEL EXTRA,9159,A
2022,2,BOGOTA D.C.,BOGOTA  D.C.,TERPEL,GASOLINA CORRIENTE OXIGENADA,9140,A
2022,2,BOGOTA D.C.,BOGOTA  D.C.,TERPEL,BIODIESEL EXTRA,9110,A
2022,2,BOGOTA D.C.,BOGOTA  D.C.,MOBIL,BIODIESEL EXTRA,8890,A
2022,2,BOGOTA D.C.,BOGOTA  D.C.,MOBIL,BIODIESEL EXTRA,8890,A
2022,2,BOGOTA D.C.,BOGOTA  D.C.,TEXACO,GASOLINA CORRIENTE OXIGENADA,9340,A
2022,2,BOGOTA D.C.,BOGOTA  D.C.,TEXACO,BIODIESEL EXTRA,9090,A
2022,2,BOGOTA D.C.,BOGOTA  D.C.,TEXACO,GASOLINA EXTRA OXIGENADA,16560,A
2022,2,BOGOTA D.C.,BOGOTA  D.C.,TEXACO,GASOLINA CORRIENTE OXIGENADA,9350,A
2022,2,BOGOTA D.C.,BOGOTA  D.C.,TEXACO,BIODIESEL EXTRA,9100,A
2022,2,BOGOTA D.C.,BOGOTA  D.C.,TEXACO,GASOLINA EXTRA OXIGENADA,16140,A
2022,2,BOGOTA D.C.,BOGOTA  D.C.,MOBIL,GASOLINA CORRIENTE OXIGENADA,9430,A
2022,2,BOGOTA D.C.,BOGOTA  D.C.,MOBIL,BIODIESEL EXTRA,9210,A
2022,2,BOGOTA D.C.,BOGOTA  D.C.,MOBIL,GASOLINA EXTRA OXIGENADA,17130,A
2022,2,BOGOTA D.C.,BOGOTA  D.C.,MOBIL,GASOLINA CORRIENTE OXIGENADA,9372,A
2022,2,BOGOTA D.C.,BOGOTA  D.C.,MOBIL,BIODIESEL EXTRA,9149,A
2022,2,BOGOTA D.C.,BOGOTA  D.C.,MOBIL,GASOLINA EXTRA OXIGENADA,16699,A
2022,2,BOGOTA D.C.,BOGOTA  D.C.,BIOMAX,GASOLINA EXTRA OXIGENADA,17490,A
2022,2,BOGOTA D.C.,BOGOTA  D.C.,BIOMAX,GASOLINA CORRIENTE OXIGENADA,9840,A
2022,2,BOGOTA D.C.,BOGOTA  D.C.,BIOMAX,BIODIESEL EXTRA,8680,A
2022,2,BOGOTA D.C.,BOGOTA  D.C.,TERPEL,BIODIESEL EXTRA,8690,A
2022,2,BOGOTA D.C.,BOGOTA  D.C.,TERPEL,GASOLINA EXTRA OXIGENADA,16330,A
2022,2,BOGOTA D.C.,BOGOTA  D.C.,TERPEL,GASOLINA CORRIENTE OXIGENADA,8760,A
2022,2,BOGOTA D.C.,BOGOTA  D.C.,TEXACO,GASOLINA CORRIENTE OXIGENADA,9135,A
2022,2,BOGOTA D.C.,BOGOTA  D.C.,TEXACO,BIODIESEL EXTRA,9000,A
2022,2,BOGOTA D.C.,BOGOTA  D.C.,TEXACO,BIODIESEL EXTRA,9000,A
2022,2,BOGOTA D.C.,BOGOTA  D.C.,TEXACO,GASOLINA EXTRA OXIGENADA,9135,A
2022,2,BOGOTA D.C.,BOGOTA  D.C.,TEXACO,GASOLINA EXTRA OXIGENADA,9190,A
2022,2,BOGOTA D.C.,BOGOTA  D.C.,TEXACO,GASOLINA CORRIENTE OXIGENADA,9190,A
2022,2,BOGOTA D.C.,BOGOTA  D.C.,TERPEL,BIODIESEL EXTRA,9126,A
2022,2,BOGOTA D.C.,BOGOTA  D.C.,TERPEL,GASOLINA CORRIENTE OXIGENADA,9340,A
2022,2,BOGOTA D.C.,BOGOTA  D.C.,TERPEL,GASOLINA EXTRA OXIGENADA,16450,A
2022,2,BOGOTA D.C.,BOGOTA  D.C.,TERPEL,BIODIESEL EXTRA,9195,A
2022,2,BOGOTA D.C.,BOGOTA  D.C.,TERPEL,GASOLINA CORRIENTE OXIGENADA,9299,A
2022,2,BOGOTA D.C.,BOGOTA  D.C.,MOBIL,GASOLINA CORRIENTE OXIGENADA,9370,A
2022,2,BOGOTA D.C.,BOGOTA  D.C.,MOBIL,BIODIESEL EXTRA,9150,A
2022,2,BOGOTA D.C.,BOGOTA  D.C.,PETROBRAS,GASOLINA EXTRA OXIGENADA,16450,A
2022,2,BOGOTA D.C.,BOGOTA  D.C.,PETROBRAS,GASOLINA EXTRA OXIGENADA,16450,A
2022,2,BOGOTA D.C.,BOGOTA  D.C.,PETROBRAS,GASOLINA CORRIENTE OXIGENADA,9370,A
2022,2,BOGOTA D.C.,BOGOTA  D.C.,PETROBRAS,GASOLINA CORRIENTE OXIGENADA,9370,A
2022,2,BOGOTA D.C.,BOGOTA  D.C.,PETROBRAS,BIODIESEL EXTRA,9150,A
2022,2,BOGOTA D.C.,BOGOTA  D.C.,PETROBRAS,BIODIESEL EXTRA,9150,A
2022,2,BOGOTA D.C.,BOGOTA  D.C.,PETROBRAS,GASOLINA CORRIENTE OXIGENADA,9370,A
2022,2,BOGOTA D.C.,BOGOTA  D.C.,PETROBRAS,BIODIESEL EXTRA,9150,A
2022,2,BOGOTA D.C.,BOGOTA  D.C.,PETROBRAS,GASOLINA EXTRA OXIGENADA,15990,A
2022,2,BOGOTA D.C.,BOGOTA  D.C.,MOBIL,GASOLINA CORRIENTE OXIGENADA,9190,A
2022,2,BOGOTA D.C.,BOGOTA  D.C.,MOBIL,BIODIESEL EXTRA,9150,A
2022,2,BOGOTA D.C.,BOGOTA  D.C.,MOBIL,GASOLINA EXTRA OXIGENADA,16400,A
2022,2,BOGOTA D.C.,BOGOTA  D.C.,MOBIL,GASOLINA CORRIENTE OXIGENADA,9370,A
2022,2,BOGOTA D.C.,BOGOTA  D.C.,MOBIL,BIODIESEL EXTRA,9170,A
2022,2,BOGOTA D.C.,BOGOTA  D.C.,PETROBRAS,GASOLINA EXTRA OXIGENADA,15900,A
2022,2,BOGOTA D.C.,BOGOTA  D.C.,PETROBRAS,GASOLINA CORRIENTE OXIGENADA,9330,A
2022,2,BOGOTA D.C.,BOGOTA  D.C.,PETROBRAS,BIODIESEL EXTRA,9150,A
2022,2,BOGOTA D.C.,BOGOTA  D.C.,MOBIL,BIODIESEL EXTRA,9380,A
2022,2,BOGOTA D.C.,BOGOTA  D.C.,MOBIL,GASOLINA EXTRA OXIGENADA,17530,A
2022,2,BOGOTA D.C.,BOGOTA  D.C.,MOBIL,GASOLINA CORRIENTE OXIGENADA,9530,A
2022,2,BOGOTA D.C.,BOGOTA  D.C.,MOBIL,BIODIESEL EXTRA,9380,A
2022,2,BOGOTA D.C.,BOGOTA  D.C.,MOBIL,GASOLINA EXTRA OXIGENADA,17530,A
2022,2,BOGOTA D.C.,BOGOTA  D.C.,MOBIL,GASOLINA CORRIENTE OXIGENADA,9490,A
2022,2,BOGOTA D.C.,BOGOTA  D.C.,MOBIL,BIODIESEL EXTRA,9190,A
2022,2,BOGOTA D.C.,BOGOTA  D.C.,MOBIL,GASOLINA CORRIENTE OXIGENADA,9480,A
2022,2,BOGOTA D.C.,BOGOTA  D.C.,MOBIL,BIODIESEL EXTRA,9240,A
2022,2,BOGOTA D.C.,BOGOTA  D.C.,MOBIL,GASOLINA CORRIENTE OXIGENADA,9480,A
2022,2,BOGOTA D.C.,BOGOTA  D.C.,MOBIL,BIODIESEL EXTRA,9290,A
2022,2,BOGOTA D.C.,BOGOTA  D.C.,MOBIL,BIODIESEL EXTRA,9290,A
2022,2,BOGOTA D.C.,BOGOTA  D.C.,MOBIL,GASOLINA CORRIENTE OXIGENADA,9390,A
2022,2,BOGOTA D.C.,BOGOTA  D.C.,MOBIL,GASOLINA CORRIENTE OXIGENADA,9430,A
2022,2,BOGOTA D.C.,BOGOTA  D.C.,TEXACO,GASOLINA EXTRA OXIGENADA,16330,A
2022,2,BOGOTA D.C.,BOGOTA  D.C.,TEXACO,GASOLINA CORRIENTE OXIGENADA,9590,A
2022,2,BOGOTA D.C.,BOGOTA  D.C.,TEXACO,BIODIESEL EXTRA,9570,A
2022,2,BOGOTA D.C.,BOGOTA  D.C.,MOBIL,BIODIESEL EXTRA,8799,A
2022,2,BOGOTA D.C.,BOGOTA  D.C.,MOBIL,GASOLINA CORRIENTE OXIGENADA,9139,A
2022,2,BOGOTA D.C.,BOGOTA  D.C.,TEXACO,BIODIESEL EXTRA,9150,A
2022,2,BOGOTA D.C.,BOGOTA  D.C.,TEXACO,GASOLINA EXTRA OXIGENADA,15990,A
2022,2,BOGOTA D.C.,BOGOTA  D.C.,TEXACO,GASOLINA CORRIENTE OXIGENADA,9370,A
2022,2,BOGOTA D.C.,BOGOTA  D.C.,TEXACO,BIODIESEL EXTRA,9150,A
2022,2,BOGOTA D.C.,BOGOTA  D.C.,TEXACO,GASOLINA EXTRA OXIGENADA,16450,A
2022,2,BOGOTA D.C.,BOGOTA  D.C.,TEXACO,GASOLINA CORRIENTE OXIGENADA,9370,A
2022,2,BOGOTA D.C.,BOGOTA  D.C.,MOBIL,GASOLINA CORRIENTE OXIGENADA,9540,A
2022,2,BOGOTA D.C.,BOGOTA  D.C.,MOBIL,BIODIESEL EXTRA,10076,A
2022,2,BOGOTA D.C.,BOGOTA  D.C.,MOBIL,GASOLINA EXTRA OXIGENADA,17210,A
2022,2,BOGOTA D.C.,BOGOTA  D.C.,MOBIL,BIODIESEL EXTRA,9152,A
2022,2,BOGOTA D.C.,BOGOTA  D.C.,MOBIL,GASOLINA CORRIENTE OXIGENADA,9372,A
2022,2,BOGOTA D.C.,BOGOTA  D.C.,TEXACO,BIODIESEL EXTRA,9390,A
2022,2,BOGOTA D.C.,BOGOTA  D.C.,TEXACO,GASOLINA EXTRA OXIGENADA,16890,A
2022,2,BOGOTA D.C.,BOGOTA  D.C.,TEXACO,GASOLINA CORRIENTE OXIGENADA,9490,A
2022,2,BOGOTA D.C.,BOGOTA  D.C.,TEXACO,GASOLINA CORRIENTE OXIGENADA,9372,A
2022,2,BOGOTA D.C.,BOGOTA  D.C.,TEXACO,BIODIESEL EXTRA,9152,A
2022,2,BOGOTA D.C.,BOGOTA  D.C.,MOBIL,GASOLINA EXTRA OXIGENADA,16990,A
2022,2,BOGOTA D.C.,BOGOTA  D.C.,MOBIL,BIODIESEL EXTRA,8990,A
2022,2,BOGOTA D.C.,BOGOTA  D.C.,MOBIL,GASOLINA CORRIENTE OXIGENADA,9370,A
2022,2,BOGOTA D.C.,BOGOTA  D.C.,TEXACO,GASOLINA CORRIENTE OXIGENADA,9350,A
2022,2,BOGOTA D.C.,BOGOTA  D.C.,TEXACO,BIODIESEL EXTRA,9445,A
2022,2,BOGOTA D.C.,BOGOTA  D.C.,TEXACO,BIODIESEL EXTRA,9050,A
2022,2,BOGOTA D.C.,BOGOTA  D.C.,TEXACO,GASOLINA CORRIENTE OXIGENADA,9250,A
2022,2,BOGOTA D.C.,BOGOTA  D.C.,MOBIL,GASOLINA CORRIENTE OXIGENADA,9176,A
2022,2,BOGOTA D.C.,BOGOTA  D.C.,MOBIL,BIODIESEL EXTRA,8946,A
2022,2,BOGOTA D.C.,BOGOTA  D.C.,MOBIL,BIODIESEL EXTRA,8840,A
2022,2,BOGOTA D.C.,BOGOTA  D.C.,MOBIL,GASOLINA CORRIENTE OXIGENADA,9100,A
2022,2,BOGOTA D.C.,BOGOTA  D.C.,MOBIL,GASOLINA EXTRA OXIGENADA,15990,A
2022,2,BOGOTA D.C.,BOGOTA  D.C.,BIOMAX,GASOLINA CORRIENTE OXIGENADA,9342,A
2022,2,BOGOTA D.C.,BOGOTA  D.C.,BIOMAX,BIODIESEL EXTRA,9107,A
2022,2,BOGOTA D.C.,BOGOTA  D.C.,TEXACO,GASOLINA EXTRA OXIGENADA,16540,A
2022,2,BOGOTA D.C.,BOGOTA  D.C.,TEXACO,GASOLINA CORRIENTE OXIGENADA,9470,A
2022,2,BOGOTA D.C.,BOGOTA  D.C.,TEXACO,BIODIESEL EXTRA,9320,A
2022,2,BOGOTA D.C.,BOGOTA  D.C.,BIOMAX,BIODIESEL EXTRA,9000,A
2022,2,BOGOTA D.C.,BOGOTA  D.C.,BIOMAX,GASOLINA CORRIENTE OXIGENADA,9200,A
2022,2,BOGOTA D.C.,BOGOTA  D.C.,BIOMAX,GASOLINA CORRIENTE OXIGENADA,9200,A
2022,2,BOGOTA D.C.,BOGOTA  D.C.,BIOMAX,BIODIESEL EXTRA,9050,A
2022,2,BOGOTA D.C.,BOGOTA  D.C.,TEXACO,GASOLINA CORRIENTE OXIGENADA,9372,A
2022,2,BOGOTA D.C.,BOGOTA  D.C.,TEXACO,BIODIESEL EXTRA,9152,A
2022,2,BOGOTA D.C.,BOGOTA  D.C.,TEXACO,GASOLINA CORRIENTE OXIGENADA,9152,A
2022,2,BOGOTA D.C.,BOGOTA  D.C.,TEXACO,BIODIESEL EXTRA,9372,A
2022,2,BOGOTA D.C.,BOGOTA  D.C.,TEXACO,BIODIESEL EXTRA,9152,A
2022,2,BOGOTA D.C.,BOGOTA  D.C.,TEXACO,GASOLINA CORRIENTE OXIGENADA,9372,A
2022,2,BOGOTA D.C.,BOGOTA  D.C.,TEXACO,GASOLINA CORRIENTE OXIGENADA,8840,A
2022,2,BOGOTA D.C.,BOGOTA  D.C.,TEXACO,BIODIESEL EXTRA,8816,A
2022,2,BOGOTA D.C.,BOGOTA  D.C.,PETROMIL,BIODIESEL EXTRA,8792,A
2022,2,BOGOTA D.C.,BOGOTA  D.C.,PETROMIL,GASOLINA CORRIENTE OXIGENADA,8766,A
2022,2,BOGOTA D.C.,BOGOTA  D.C.,BIOMAX,GASOLINA EXTRA OXIGENADA,17100,A
2022,2,BOGOTA D.C.,BOGOTA  D.C.,BIOMAX,BIODIESEL EXTRA,9170,A
2022,2,BOGOTA D.C.,BOGOTA  D.C.,BIOMAX,GASOLINA CORRIENTE OXIGENADA,9460,A
2022,2,BOGOTA D.C.,BOGOTA  D.C.,BIOMAX,BIODIESEL EXTRA,9170,A
2022,2,BOGOTA D.C.,BOGOTA  D.C.,BIOMAX,GASOLINA EXTRA OXIGENADA,16700,A
2022,2,BOGOTA D.C.,BOGOTA  D.C.,BIOMAX,GASOLINA CORRIENTE OXIGENADA,9460,A
2022,2,BOGOTA D.C.,BOGOTA  D.C.,BIOMAX,BIODIESEL EXTRA,8740,A
2022,2,BOGOTA D.C.,BOGOTA  D.C.,BIOMAX,GASOLINA CORRIENTE OXIGENADA,9220,A
2022,2,BOGOTA D.C.,BOGOTA  D.C.,MOBIL,GASOLINA EXTRA OXIGENADA,15461,A
2022,2,BOGOTA D.C.,BOGOTA  D.C.,MOBIL,BIODIESEL EXTRA,9052,A
2022,2,BOGOTA D.C.,BOGOTA  D.C.,MOBIL,GASOLINA CORRIENTE OXIGENADA,9272,A
2022,2,BOGOTA D.C.,BOGOTA  D.C.,TERPEL,GASOLINA EXTRA OXIGENADA,16010,A
2022,2,BOGOTA D.C.,BOGOTA  D.C.,TERPEL,GASOLINA CORRIENTE OXIGENADA,8970,A
2022,2,BOGOTA D.C.,BOGOTA  D.C.,TERPEL,BIODIESEL EXTRA,8989,A
2022,2,BOGOTA D.C.,BOGOTA  D.C.,MOBIL,BIODIESEL EXTRA,9899,A
2022,2,BOGOTA D.C.,BOGOTA  D.C.,MOBIL,GASOLINA CORRIENTE OXIGENADA,9369,A
2022,2,BOGOTA D.C.,BOGOTA  D.C.,MOBIL,GASOLINA EXTRA OXIGENADA,15999,A
2022,2,BOGOTA D.C.,BOGOTA  D.C.,PUMA,GASOLINA CORRIENTE OXIGENADA,9350,A
2022,2,BOGOTA D.C.,BOGOTA  D.C.,PUMA,BIODIESEL EXTRA,9180,A
2022,2,BOGOTA D.C.,BOGOTA  D.C.,PUMA,GASOLINA EXTRA OXIGENADA,16400,A
2022,2,BOGOTA D.C.,BOGOTA  D.C.,PUMA,BIODIESEL EXTRA,9180,A
2022,2,BOGOTA D.C.,BOGOTA  D.C.,PUMA,GASOLINA EXTRA OXIGENADA,16000,A
2022,2,BOGOTA D.C.,BOGOTA  D.C.,PUMA,GASOLINA CORRIENTE OXIGENADA,9350,A
2022,2,BOGOTA D.C.,BOGOTA  D.C.,TERPEL,GASOLINA CORRIENTE OXIGENADA,9370,A
2022,2,BOGOTA D.C.,BOGOTA  D.C.,TERPEL,GASOLINA EXTRA OXIGENADA,15990,A
2022,2,BOGOTA D.C.,BOGOTA  D.C.,TERPEL,BIODIESEL EXTRA,9150,A
2022,2,BOGOTA D.C.,BOGOTA  D.C.,BIOMAX,GASOLINA CORRIENTE OXIGENADA,9320,A
2022,2,BOGOTA D.C.,BOGOTA  D.C.,BIOMAX,BIODIESEL EXTRA,9170,A
2022,2,BOGOTA D.C.,BOGOTA  D.C.,BIOMAX,GASOLINA EXTRA OXIGENADA,16900,A
2022,2,BOGOTA D.C.,BOGOTA  D.C.,MOBIL,GASOLINA CORRIENTE OXIGENADA,8870,A
2022,2,BOGOTA D.C.,BOGOTA  D.C.,MOBIL,GASOLINA EXTRA OXIGENADA,16540,A
2022,2,BOGOTA D.C.,BOGOTA  D.C.,MOBIL,BIODIESEL EXTRA,10810,A
2022,2,BOGOTA D.C.,BOGOTA  D.C.,TEXACO,GASOLINA EXTRA OXIGENADA,17100,A
2022,2,BOGOTA D.C.,BOGOTA  D.C.,TEXACO,GASOLINA EXTRA OXIGENADA,16700,A
2022,2,BOGOTA D.C.,BOGOTA  D.C.,TEXACO,GASOLINA CORRIENTE OXIGENADA,9390,A
2022,2,BOGOTA D.C.,BOGOTA  D.C.,TEXACO,BIODIESEL EXTRA,9170,A
2022,2,BOGOTA D.C.,BOGOTA  D.C.,TEXACO,BIODIESEL EXTRA,9170,A
2022,2,BOGOTA D.C.,BOGOTA  D.C.,TEXACO,GASOLINA CORRIENTE OXIGENADA,9390,A
2022,2,BOGOTA D.C.,BOGOTA  D.C.,MOBIL,BIODIESEL EXTRA,9746,A
2022,2,BOGOTA D.C.,BOGOTA  D.C.,MOBIL,GASOLINA CORRIENTE OXIGENADA,9904,A
2022,2,BOGOTA D.C.,BOGOTA  D.C.,MOBIL,GASOLINA EXTRA OXIGENADA,17649,A
2022,2,BOGOTA D.C.,BOGOTA  D.C.,MOBIL,GASOLINA EXTRA OXIGENADA,16999,A
2022,2,BOGOTA D.C.,BOGOTA  D.C.,MOBIL,GASOLINA CORRIENTE OXIGENADA,9899,A
2022,2,BOGOTA D.C.,BOGOTA  D.C.,MOBIL,BIODIESEL EXTRA,10399,A
2022,2,BOGOTA D.C.,BOGOTA  D.C.,MOBIL,GASOLINA EXTRA OXIGENADA,16000,A
2022,2,BOGOTA D.C.,BOGOTA  D.C.,MOBIL,GASOLINA CORRIENTE OXIGENADA,8850,A
2022,2,BOGOTA D.C.,BOGOTA  D.C.,MOBIL,BIODIESEL EXTRA,8690,A
2022,2,BOGOTA D.C.,BOGOTA  D.C.,MOBIL,GASOLINA CORRIENTE OXIGENADA,9013,A
2022,2,BOGOTA D.C.,BOGOTA  D.C.,MOBIL,BIODIESEL EXTRA,8924,A
2022,2,BOGOTA D.C.,BOGOTA  D.C.,TEXACO,GASOLINA EXTRA OXIGENADA,15990,A
2022,2,BOGOTA D.C.,BOGOTA  D.C.,TEXACO,BIODIESEL EXTRA,9400,A
2022,2,BOGOTA D.C.,BOGOTA  D.C.,TEXACO,GASOLINA CORRIENTE OXIGENADA,9390,A
2022,2,BOGOTA D.C.,BOGOTA  D.C.,MOBIL,GASOLINA EXTRA OXIGENADA,16050,A
2022,2,BOGOTA D.C.,BOGOTA  D.C.,MOBIL,BIODIESEL EXTRA,9080,A
2022,2,BOGOTA D.C.,BOGOTA  D.C.,MOBIL,GASOLINA CORRIENTE OXIGENADA,9310,A
2022,2,BOGOTA D.C.,BOGOTA  D.C.,MOBIL,GASOLINA CORRIENTE OXIGENADA,9849,A
2022,2,BOGOTA D.C.,BOGOTA  D.C.,MOBIL,GASOLINA EXTRA OXIGENADA,17499,A
2022,2,BOGOTA D.C.,BOGOTA  D.C.,MOBIL,BIODIESEL EXTRA,10229,A
2022,2,BOGOTA D.C.,BOGOTA  D.C.,TERPEL,BIODIESEL EXTRA,8959,A
2022,2,BOGOTA D.C.,BOGOTA  D.C.,TERPEL,GASOLINA CORRIENTE OXIGENADA,8879,A
2022,2,BOGOTA D.C.,BOGOTA  D.C.,TEXACO,BIODIESEL EXTRA,9645,A
2022,2,BOGOTA D.C.,BOGOTA  D.C.,TEXACO,GASOLINA EXTRA OXIGENADA,16320,A
2022,2,BOGOTA D.C.,BOGOTA  D.C.,TEXACO,GASOLINA CORRIENTE OXIGENADA,9657,A
2022,2,BOGOTA D.C.,BOGOTA  D.C.,TEXACO,BIODIESEL EXTRA,9645,A
2022,2,BOGOTA D.C.,BOGOTA  D.C.,TEXACO,GASOLINA EXTRA OXIGENADA,16720,A
2022,2,BOGOTA D.C.,BOGOTA  D.C.,TEXACO,GASOLINA CORRIENTE OXIGENADA,9657,A
2022,2,BOGOTA D.C.,BOGOTA  D.C.,TEXACO,GASOLINA CORRIENTE OXIGENADA,9460,A
2022,2,BOGOTA D.C.,BOGOTA  D.C.,TEXACO,GASOLINA EXTRA OXIGENADA,16380,A
2022,2,BOGOTA D.C.,BOGOTA  D.C.,TEXACO,BIODIESEL EXTRA,9590,A
2022,2,BOGOTA D.C.,BOGOTA  D.C.,TEXACO,GASOLINA EXTRA OXIGENADA,16780,A
2022,2,BOGOTA D.C.,BOGOTA  D.C.,TEXACO,GASOLINA CORRIENTE OXIGENADA,9460,A
2022,2,BOGOTA D.C.,BOGOTA  D.C.,TEXACO,BIODIESEL EXTRA,9590,A
2022,2,BOGOTA D.C.,BOGOTA  D.C.,TEXACO,GASOLINA CORRIENTE OXIGENADA,9690,A
2022,2,BOGOTA D.C.,BOGOTA  D.C.,TEXACO,BIODIESEL EXTRA,9740,A
2022,2,BOGOTA D.C.,BOGOTA  D.C.,TEXACO,BIODIESEL EXTRA,9740,A
2022,2,BOGOTA D.C.,BOGOTA  D.C.,TEXACO,GASOLINA EXTRA OXIGENADA,16340,A
2022,2,BOGOTA D.C.,BOGOTA  D.C.,TEXACO,GASOLINA EXTRA OXIGENADA,16740,A
2022,2,BOGOTA D.C.,BOGOTA  D.C.,TEXACO,GASOLINA CORRIENTE OXIGENADA,9690,A
2022,2,BOGOTA D.C.,BOGOTA  D.C.,MOBIL,GASOLINA CORRIENTE OXIGENADA,9100,A
2022,2,BOGOTA D.C.,BOGOTA  D.C.,MOBIL,BIODIESEL EXTRA,8880,A
2022,2,BOGOTA D.C.,BOGOTA  D.C.,MOBIL,BIODIESEL EXTRA,9848,A
2022,2,BOGOTA D.C.,BOGOTA  D.C.,MOBIL,GASOLINA CORRIENTE OXIGENADA,8729,A
2022,2,BOGOTA D.C.,BOGOTA  D.C.,MOBIL,BIODIESEL EXTRA,9848,A
2022,2,BOGOTA D.C.,BOGOTA  D.C.,MOBIL,GASOLINA CORRIENTE OXIGENADA,8709,A
2022,2,BOGOTA D.C.,BOGOTA  D.C.,TERPEL,GASOLINA CORRIENTE OXIGENADA,8970,A
2022,2,BOGOTA D.C.,BOGOTA  D.C.,TERPEL,GASOLINA EXTRA OXIGENADA,16010,A
2022,2,BOGOTA D.C.,BOGOTA  D.C.,TERPEL,BIODIESEL EXTRA,8980,A
2022,2,BOGOTA D.C.,BOGOTA  D.C.,PETROBRAS,BIODIESEL EXTRA,8639,A
2022,2,BOGOTA D.C.,BOGOTA  D.C.,PETROBRAS,GASOLINA CORRIENTE OXIGENADA,8749,A
2022,2,BOGOTA D.C.,BOGOTA  D.C.,PETROBRAS,GASOLINA EXTRA OXIGENADA,16130,A
2022,2,BOGOTA D.C.,BOGOTA  D.C.,PETROBRAS,BIODIESEL EXTRA,9290,A
2022,2,BOGOTA D.C.,BOGOTA  D.C.,PETROBRAS,GASOLINA CORRIENTE OXIGENADA,9430,A
2022,2,BOGOTA D.C.,BOGOTA  D.C.,PETROBRAS,BIODIESEL EXTRA,9050,A
2022,2,BOGOTA D.C.,BOGOTA  D.C.,PETROBRAS,GASOLINA EXTRA OXIGENADA,16200,A
2022,2,BOGOTA D.C.,BOGOTA  D.C.,PETROBRAS,GASOLINA CORRIENTE OXIGENADA,9270,A
2022,2,BOGOTA D.C.,BOGOTA  D.C.,PETROBRAS,GASOLINA CORRIENTE OXIGENADA,8740,A
2022,2,BOGOTA D.C.,BOGOTA  D.C.,PETROBRAS,BIODIESEL EXTRA,8740,A
2022,2,BOGOTA D.C.,BOGOTA  D.C.,PETROBRAS,GASOLINA EXTRA OXIGENADA,16120,A
2022,2,BOGOTA D.C.,BOGOTA  D.C.,PETROBRAS,BIODIESEL EXTRA,8750,A
2022,2,BOGOTA D.C.,BOGOTA  D.C.,PETROBRAS,GASOLINA EXTRA OXIGENADA,15720,A
2022,2,BOGOTA D.C.,BOGOTA  D.C.,PETROBRAS,GASOLINA CORRIENTE OXIGENADA,8750,A
2022,2,BOGOTA D.C.,BOGOTA  D.C.,TEXACO,GASOLINA CORRIENTE OXIGENADA,9300,A
2022,2,BOGOTA D.C.,BOGOTA  D.C.,TEXACO,GASOLINA EXTRA OXIGENADA,15950,A
2022,2,BOGOTA D.C.,BOGOTA  D.C.,TEXACO,BIODIESEL EXTRA,9040,A
2022,2,BOGOTA D.C.,BOGOTA  D.C.,BIOMAX,BIODIESEL EXTRA,9470,A
2022,2,BOGOTA D.C.,BOGOTA  D.C.,BIOMAX,GASOLINA EXTRA OXIGENADA,16890,A
2022,2,BOGOTA D.C.,BOGOTA  D.C.,BIOMAX,GASOLINA CORRIENTE OXIGENADA,9650,A
2022,2,BOGOTA D.C.,BOGOTA  D.C.,BIOMAX,GASOLINA EXTRA OXIGENADA,16999,A
2022,2,BOGOTA D.C.,BOGOTA  D.C.,BIOMAX,BIODIESEL EXTRA,9470,A
2022,2,BOGOTA D.C.,BOGOTA  D.C.,BIOMAX,GASOLINA EXTRA OXIGENADA,17200,A
2022,2,BOGOTA D.C.,BOGOTA  D.C.,BIOMAX,GASOLINA CORRIENTE OXIGENADA,9650,A
2022,2,BOGOTA D.C.,BOGOTA  D.C.,BIOMAX,GASOLINA CORRIENTE OXIGENADA,9650,A
2022,2,BOGOTA D.C.,BOGOTA  D.C.,BIOMAX,GASOLINA EXTRA OXIGENADA,17200,A
2022,2,BOGOTA D.C.,BOGOTA  D.C.,BIOMAX,BIODIESEL EXTRA,9470,A
2022,2,BOGOTA D.C.,BOGOTA  D.C.,BIOMAX,GASOLINA CORRIENTE OXIGENADA,9650,A
2022,2,BOGOTA D.C.,BOGOTA  D.C.,BIOMAX,BIODIESEL EXTRA,9470,A
2022,2,BOGOTA D.C.,BOGOTA  D.C.,TERPEL,GASOLINA CORRIENTE OXIGENADA,9372,A
2022,2,BOGOTA D.C.,BOGOTA  D.C.,TERPEL,BIODIESEL EXTRA,9152,A
2022,2,BOGOTA D.C.,BOGOTA  D.C.,TERPEL,GASOLINA EXTRA OXIGENADA,16495,A
2022,2,BOGOTA D.C.,BOGOTA  D.C.,MOBIL,BIODIESEL EXTRA,8996,A
2022,2,BOGOTA D.C.,BOGOTA  D.C.,MOBIL,GASOLINA CORRIENTE OXIGENADA,9223,A
2022,2,BOGOTA D.C.,BOGOTA  D.C.,TERPEL,BIODIESEL EXTRA,8790,A
2022,2,BOGOTA D.C.,BOGOTA  D.C.,TERPEL,GASOLINA CORRIENTE OXIGENADA,8970,A
2022,2,BOGOTA D.C.,BOGOTA  D.C.,TERPEL,GASOLINA CORRIENTE OXIGENADA,8970,A
2022,2,BOGOTA D.C.,BOGOTA  D.C.,TERPEL,BIODIESEL EXTRA,8700,A
2022,2,BOGOTA D.C.,BOGOTA  D.C.,TEXACO,GASOLINA EXTRA OXIGENADA,17499,A
2022,2,BOGOTA D.C.,BOGOTA  D.C.,TEXACO,BIODIESEL EXTRA,8799,A
2022,2,BOGOTA D.C.,BOGOTA  D.C.,TEXACO,GASOLINA CORRIENTE OXIGENADA,9569,A
2022,2,BOGOTA D.C.,BOGOTA  D.C.,TEXACO,GASOLINA CORRIENTE OXIGENADA,9569,A
2022,2,BOGOTA D.C.,BOGOTA  D.C.,TEXACO,GASOLINA EXTRA OXIGENADA,17099,A
2022,2,BOGOTA D.C.,BOGOTA  D.C.,TEXACO,BIODIESEL EXTRA,8799,A
2022,2,BOGOTA D.C.,BOGOTA  D.C.,TERPEL,GASOLINA CORRIENTE OXIGENADA,9119,A
2022,2,BOGOTA D.C.,BOGOTA  D.C.,TERPEL,BIODIESEL EXTRA,8877,A
2022,2,BOGOTA D.C.,BOGOTA  D.C.,MOBIL,GASOLINA CORRIENTE OXIGENADA,9375,A
2022,2,BOGOTA D.C.,BOGOTA  D.C.,MOBIL,BIODIESEL EXTRA,9200,A
2022,2,BOGOTA D.C.,BOGOTA  D.C.,MOBIL,GASOLINA CORRIENTE OXIGENADA,9300,A
2022,2,BOGOTA D.C.,BOGOTA  D.C.,MOBIL,BIODIESEL EXTRA,9140,A
2022,2,BOGOTA D.C.,BOGOTA  D.C.,TEXACO,GASOLINA CORRIENTE OXIGENADA,9890,A
2022,2,BOGOTA D.C.,BOGOTA  D.C.,TEXACO,GASOLINA EXTRA OXIGENADA,17410,A
2022,2,BOGOTA D.C.,BOGOTA  D.C.,TEXACO,BIODIESEL EXTRA,9890,A
2022,2,BOGOTA D.C.,BOGOTA  D.C.,TEXACO,BIODIESEL EXTRA,9890,A
2022,2,BOGOTA D.C.,BOGOTA  D.C.,TEXACO,GASOLINA EXTRA OXIGENADA,17010,A
2022,2,BOGOTA D.C.,BOGOTA  D.C.,TEXACO,GASOLINA CORRIENTE OXIGENADA,9890,A
2022,2,BOGOTA D.C.,BOGOTA  D.C.,MOBIL,GASOLINA CORRIENTE OXIGENADA,9160,A
2022,2,BOGOTA D.C.,BOGOTA  D.C.,MOBIL,BIODIESEL EXTRA,8790,A
2022,2,BOGOTA D.C.,BOGOTA  D.C.,MOBIL,GASOLINA EXTRA OXIGENADA,16290,A
2022,2,BOGOTA D.C.,BOGOTA  D.C.,TEXACO,GASOLINA EXTRA OXIGENADA,16500,A
2022,2,BOGOTA D.C.,BOGOTA  D.C.,TEXACO,BIODIESEL EXTRA,9405,A
2022,2,BOGOTA D.C.,BOGOTA  D.C.,TEXACO,GASOLINA CORRIENTE OXIGENADA,9500,A
2022,2,BOGOTA D.C.,BOGOTA  D.C.,MOBIL,BIODIESEL EXTRA,9250,A
2022,2,BOGOTA D.C.,BOGOTA  D.C.,MOBIL,GASOLINA EXTRA OXIGENADA,17530,A
2022,2,BOGOTA D.C.,BOGOTA  D.C.,MOBIL,GASOLINA CORRIENTE OXIGENADA,9420,A
2022,2,BOGOTA D.C.,BOGOTA  D.C.,MOBIL,BIODIESEL EXTRA,9250,A
2022,2,BOGOTA D.C.,BOGOTA  D.C.,MOBIL,BIODIESEL EXTRA,9250,A
2022,2,BOGOTA D.C.,BOGOTA  D.C.,MOBIL,GASOLINA CORRIENTE OXIGENADA,9390,A
2022,2,BOGOTA D.C.,BOGOTA  D.C.,MOBIL,GASOLINA CORRIENTE OXIGENADA,9420,A
2022,2,BOGOTA D.C.,BOGOTA  D.C.,MOBIL,GASOLINA EXTRA OXIGENADA,17530,A
2022,2,BOGOTA D.C.,BOGOTA  D.C.,MOBIL,GASOLINA EXTRA OXIGENADA,17130,A
2022,2,BOGOTA D.C.,BOGOTA  D.C.,MOBIL,GASOLINA CORRIENTE OXIGENADA,9224,A
2022,2,BOGOTA D.C.,BOGOTA  D.C.,MOBIL,BIODIESEL EXTRA,8995,A
2022,2,BOGOTA D.C.,BOGOTA  D.C.,MOBIL,GASOLINA EXTRA OXIGENADA,16585,A
2022,2,BOGOTA D.C.,BOGOTA  D.C.,MOBIL,BIODIESEL EXTRA,8790,A
2022,2,BOGOTA D.C.,BOGOTA  D.C.,MOBIL,GASOLINA CORRIENTE OXIGENADA,8999,A
2022,2,BOGOTA D.C.,BOGOTA  D.C.,MOBIL,GASOLINA EXTRA OXIGENADA,15890,A
2022,2,BOGOTA D.C.,BOGOTA  D.C.,PETROBRAS,GASOLINA CORRIENTE OXIGENADA,9289,A
2022,2,BOGOTA D.C.,BOGOTA  D.C.,PETROBRAS,BIODIESEL EXTRA,9099,A
2022,2,BOGOTA D.C.,BOGOTA  D.C.,BIOMAX,GASOLINA CORRIENTE OXIGENADA,9290,A
2022,2,BOGOTA D.C.,BOGOTA  D.C.,BIOMAX,GASOLINA EXTRA OXIGENADA,16690,A
2022,2,BOGOTA D.C.,BOGOTA  D.C.,BIOMAX,BIODIESEL EXTRA,9090,A
2022,2,BOGOTA D.C.,BOGOTA  D.C.,MOBIL,GASOLINA CORRIENTE OXIGENADA,9100,A
2022,2,BOGOTA D.C.,BOGOTA  D.C.,MOBIL,BIODIESEL EXTRA,9214,A
2022,2,BOGOTA D.C.,BOGOTA  D.C.,TEXACO,BIODIESEL EXTRA,9152,A
2022,2,BOGOTA D.C.,BOGOTA  D.C.,TEXACO,GASOLINA CORRIENTE OXIGENADA,9372,A
2022,2,BOGOTA D.C.,BOGOTA  D.C.,MOBIL,GASOLINA CORRIENTE OXIGENADA,9749,A
2022,2,BOGOTA D.C.,BOGOTA  D.C.,MOBIL,GASOLINA EXTRA OXIGENADA,16999,A
2022,2,BOGOTA D.C.,BOGOTA  D.C.,MOBIL,BIODIESEL EXTRA,8899,A
2022,2,BOGOTA D.C.,BOGOTA  D.C.,ESSO,GASOLINA CORRIENTE OXIGENADA,9530,A
2022,2,BOGOTA D.C.,BOGOTA  D.C.,ESSO,BIODIESEL EXTRA,9278,A
2022,2,BOGOTA D.C.,BOGOTA  D.C.,ESSO,GASOLINA CORRIENTE OXIGENADA,9530,A
2022,2,BOGOTA D.C.,BOGOTA  D.C.,ESSO,BIODIESEL EXTRA,9278,A
2022,2,BOGOTA D.C.,BOGOTA  D.C.,ESSO,BIODIESEL EXTRA,9233,A
2022,2,BOGOTA D.C.,BOGOTA  D.C.,ESSO,GASOLINA CORRIENTE OXIGENADA,9485,A
2022,2,BOGOTA D.C.,BOGOTA  D.C.,TEXACO,GASOLINA CORRIENTE OXIGENADA,9100,A
2022,2,BOGOTA D.C.,BOGOTA  D.C.,TEXACO,BIODIESEL EXTRA,8800,A
2022,2,BOGOTA D.C.,BOGOTA  D.C.,PETROBRAS,BIODIESEL EXTRA,8685,A
2022,2,BOGOTA D.C.,BOGOTA  D.C.,PETROBRAS,GASOLINA CORRIENTE OXIGENADA,8835,A
2022,2,BOGOTA D.C.,BOGOTA  D.C.,MOBIL,GASOLINA CORRIENTE OXIGENADA,9373,A
2022,2,BOGOTA D.C.,BOGOTA  D.C.,MOBIL,BIODIESEL EXTRA,9149,A
2022,2,BOGOTA D.C.,BOGOTA  D.C.,MOBIL,GASOLINA EXTRA OXIGENADA,12000,A
2022,2,BOGOTA D.C.,BOGOTA  D.C.,BIOMAX,GASOLINA CORRIENTE OXIGENADA,9479,A
2022,2,BOGOTA D.C.,BOGOTA  D.C.,BIOMAX,BIODIESEL EXTRA,9219,A
2022,2,BOGOTA D.C.,BOGOTA  D.C.,BIOMAX,BIODIESEL EXTRA,9351,A
2022,2,BOGOTA D.C.,BOGOTA  D.C.,BIOMAX,GASOLINA CORRIENTE OXIGENADA,9247,A
2022,2,BOGOTA D.C.,BOGOTA  D.C.,BIOMAX,GASOLINA EXTRA OXIGENADA,11200,A
2022,2,BOGOTA D.C.,BOGOTA  D.C.,BIOMAX,BIODIESEL EXTRA,9123,A
2022,2,BOGOTA D.C.,BOGOTA  D.C.,BIOMAX,GASOLINA CORRIENTE OXIGENADA,9320,A
2022,2,BOGOTA D.C.,BOGOTA  D.C.,TERPEL,BIODIESEL EXTRA,8904,A
2022,2,BOGOTA D.C.,BOGOTA  D.C.,TERPEL,GASOLINA CORRIENTE OXIGENADA,9048,A
2022,2,BOGOTA D.C.,BOGOTA  D.C.,MOBIL,BIODIESEL EXTRA,9380,A
2022,2,BOGOTA D.C.,BOGOTA  D.C.,MOBIL,GASOLINA EXTRA OXIGENADA,17130,A
2022,2,BOGOTA D.C.,BOGOTA  D.C.,MOBIL,GASOLINA CORRIENTE OXIGENADA,9470,A
2022,2,BOGOTA D.C.,BOGOTA  D.C.,PETROBRAS,BIODIESEL EXTRA,8799,A
2022,2,BOGOTA D.C.,BOGOTA  D.C.,PETROBRAS,GASOLINA CORRIENTE OXIGENADA,9190,A
2022,2,BOGOTA D.C.,BOGOTA  D.C.,PETROBRAS,GASOLINA EXTRA OXIGENADA,16290,A
2022,2,BOGOTA D.C.,BOGOTA  D.C.,BIOMAX,GASOLINA EXTRA OXIGENADA,15890,A
2022,2,BOGOTA D.C.,BOGOTA  D.C.,BIOMAX,GASOLINA CORRIENTE OXIGENADA,9350,A
2022,2,BOGOTA D.C.,BOGOTA  D.C.,BIOMAX,BIODIESEL EXTRA,9360,A
2022,2,BOGOTA D.C.,BOGOTA  D.C.,BIOMAX,GASOLINA EXTRA OXIGENADA,15790,A
2022,2,BOGOTA D.C.,BOGOTA  D.C.,BIOMAX,GASOLINA CORRIENTE OXIGENADA,8890,A
2022,2,BOGOTA D.C.,BOGOTA  D.C.,BIOMAX,GASOLINA EXTRA OXIGENADA,15390,A
2022,2,BOGOTA D.C.,BOGOTA  D.C.,BIOMAX,BIODIESEL EXTRA,8730,A
2022,2,BOGOTA D.C.,BOGOTA  D.C.,BIOMAX,GASOLINA CORRIENTE OXIGENADA,8890,A
2022,2,BOGOTA D.C.,BOGOTA  D.C.,BIOMAX,BIODIESEL EXTRA,8730,A
2022,2,BOGOTA D.C.,BOGOTA  D.C.,TERPEL,GASOLINA EXTRA OXIGENADA,16200,A
2022,2,BOGOTA D.C.,BOGOTA  D.C.,TERPEL,GASOLINA CORRIENTE OXIGENADA,8990,A
2022,2,BOGOTA D.C.,BOGOTA  D.C.,TERPEL,BIODIESEL EXTRA,9170,A
2022,2,BOGOTA D.C.,BOGOTA  D.C.,TEXACO,GASOLINA CORRIENTE OXIGENADA,9369,A
2022,2,BOGOTA D.C.,BOGOTA  D.C.,TEXACO,BIODIESEL EXTRA,9152,A
2022,2,BOGOTA D.C.,BOGOTA  D.C.,TEXACO,GASOLINA EXTRA OXIGENADA,16390,A
2022,2,BOGOTA D.C.,BOGOTA  D.C.,TERPEL,GASOLINA EXTRA OXIGENADA,16290,A
2022,2,BOGOTA D.C.,BOGOTA  D.C.,TERPEL,BIODIESEL EXTRA,8680,A
2022,2,BOGOTA D.C.,BOGOTA  D.C.,TERPEL,GASOLINA CORRIENTE OXIGENADA,8780,A
2022,2,BOGOTA D.C.,BOGOTA  D.C.,MOBIL,BIODIESEL EXTRA,8990,A
2022,2,BOGOTA D.C.,BOGOTA  D.C.,MOBIL,GASOLINA CORRIENTE OXIGENADA,9170,A
2022,2,BOGOTA D.C.,BOGOTA  D.C.,TERPEL,GASOLINA CORRIENTE OXIGENADA,8680,A
2022,2,BOGOTA D.C.,BOGOTA  D.C.,TERPEL,GASOLINA EXTRA OXIGENADA,16330,A
2022,2,BOGOTA D.C.,BOGOTA  D.C.,TERPEL,BIODIESEL EXTRA,8560,A
2022,2,BOGOTA D.C.,BOGOTA  D.C.,TERPEL,GASOLINA CORRIENTE OXIGENADA,8840,A
2022,2,BOGOTA D.C.,BOGOTA  D.C.,TERPEL,GASOLINA CORRIENTE OXIGENADA,8840,A
2022,2,BOGOTA D.C.,BOGOTA  D.C.,TERPEL,BIODIESEL EXTRA,8690,A
2022,2,BOGOTA D.C.,BOGOTA  D.C.,TERPEL,BIODIESEL EXTRA,8690,A
2022,2,BOGOTA D.C.,BOGOTA  D.C.,TERPEL,GASOLINA EXTRA OXIGENADA,16340,A
2022,2,BOGOTA D.C.,BOGOTA  D.C.,TERPEL,GASOLINA EXTRA OXIGENADA,16340,A
2022,2,BOGOTA D.C.,BOGOTA  D.C.,TERPEL,GASOLINA CORRIENTE OXIGENADA,8740,A
2022,2,BOGOTA D.C.,BOGOTA  D.C.,TERPEL,GASOLINA EXTRA OXIGENADA,16330,A
2022,2,BOGOTA D.C.,BOGOTA  D.C.,TERPEL,BIODIESEL EXTRA,8540,A
2022,2,BOGOTA D.C.,BOGOTA  D.C.,TERPEL,GASOLINA EXTRA OXIGENADA,15850,A
2022,2,BOGOTA D.C.,BOGOTA  D.C.,TERPEL,GASOLINA CORRIENTE OXIGENADA,8990,A
2022,2,BOGOTA D.C.,BOGOTA  D.C.,TERPEL,BIODIESEL EXTRA,8740,A
2022,2,BOGOTA D.C.,BOGOTA  D.C.,TERPEL,GASOLINA EXTRA OXIGENADA,16050,A
2022,2,BOGOTA D.C.,BOGOTA  D.C.,TERPEL,GASOLINA CORRIENTE OXIGENADA,8940,A
2022,2,BOGOTA D.C.,BOGOTA  D.C.,TERPEL,BIODIESEL EXTRA,8730,A
2022,2,BOGOTA D.C.,BOGOTA  D.C.,TERPEL,BIODIESEL EXTRA,8690,A
2022,2,BOGOTA D.C.,BOGOTA  D.C.,TERPEL,GASOLINA CORRIENTE OXIGENADA,8760,A
2022,2,BOGOTA D.C.,BOGOTA  D.C.,TERPEL,GASOLINA EXTRA OXIGENADA,16330,A
2022,2,BOGOTA D.C.,BOGOTA  D.C.,TERPEL,GASOLINA EXTRA OXIGENADA,16490,A
2022,2,BOGOTA D.C.,BOGOTA  D.C.,TERPEL,GASOLINA CORRIENTE OXIGENADA,9390,A
2022,2,BOGOTA D.C.,BOGOTA  D.C.,TERPEL,BIODIESEL EXTRA,9190,A
2022,2,BOGOTA D.C.,BOGOTA  D.C.,TERPEL,GASOLINA EXTRA OXIGENADA,16250,A
2022,2,BOGOTA D.C.,BOGOTA  D.C.,TERPEL,GASOLINA CORRIENTE OXIGENADA,9090,A
2022,2,BOGOTA D.C.,BOGOTA  D.C.,TERPEL,BIODIESEL EXTRA,8840,A
2022,2,BOGOTA D.C.,BOGOTA  D.C.,TERPEL,GASOLINA CORRIENTE OXIGENADA,8960,A
2022,2,BOGOTA D.C.,BOGOTA  D.C.,TERPEL,BIODIESEL EXTRA,8840,A
2022,2,BOGOTA D.C.,BOGOTA  D.C.,TERPEL,GASOLINA EXTRA OXIGENADA,16290,A
2022,2,BOGOTA D.C.,BOGOTA  D.C.,TERPEL,GASOLINA EXTRA OXIGENADA,16300,A
2022,2,BOGOTA D.C.,BOGOTA  D.C.,TERPEL,BIODIESEL EXTRA,8980,A
2022,2,BOGOTA D.C.,BOGOTA  D.C.,TERPEL,GASOLINA CORRIENTE OXIGENADA,8820,A
2022,2,BOGOTA D.C.,BOGOTA  D.C.,MOBIL,BIODIESEL EXTRA,8894,A
2022,2,BOGOTA D.C.,BOGOTA  D.C.,MOBIL,GASOLINA CORRIENTE OXIGENADA,9116,A
2022,2,BOGOTA D.C.,BOGOTA  D.C.,ESSO,GASOLINA CORRIENTE OXIGENADA,9372,A
2022,2,BOGOTA D.C.,BOGOTA  D.C.,ESSO,BIODIESEL EXTRA,9152,A
2022,2,BOGOTA D.C.,BOGOTA  D.C.,BIOMAX,BIODIESEL EXTRA,9165,A
2022,2,BOGOTA D.C.,BOGOTA  D.C.,BIOMAX,GASOLINA CORRIENTE OXIGENADA,9105,A
2022,2,BOGOTA D.C.,BOGOTA  D.C.,TERPEL,GASOLINA CORRIENTE OXIGENADA,9189,A
2022,2,BOGOTA D.C.,BOGOTA  D.C.,TERPEL,BIODIESEL EXTRA,9019,A
2022,2,BOGOTA D.C.,BOGOTA  D.C.,TERPEL,GASOLINA CORRIENTE OXIGENADA,9069,A
2022,2,BOGOTA D.C.,BOGOTA  D.C.,TERPEL,GASOLINA EXTRA OXIGENADA,15829,A
2022,2,BOGOTA D.C.,BOGOTA  D.C.,TERPEL,BIODIESEL EXTRA,8929,A
2022,2,BOGOTA D.C.,BOGOTA  D.C.,TERPEL,BIODIESEL EXTRA,9047,A
2022,2,BOGOTA D.C.,BOGOTA  D.C.,TERPEL,GASOLINA CORRIENTE OXIGENADA,9397,A
2022,2,BOGOTA D.C.,BOGOTA  D.C.,TERPEL,GASOLINA EXTRA OXIGENADA,16495,A
2022,2,BOGOTA D.C.,BOGOTA  D.C.,TERPEL,GASOLINA CORRIENTE OXIGENADA,9372,A
2022,2,BOGOTA D.C.,BOGOTA  D.C.,TERPEL,BIODIESEL EXTRA,9152,A
2022,2,BOGOTA D.C.,BOGOTA  D.C.,MOBIL,GASOLINA CORRIENTE OXIGENADA,9370,A
2022,2,BOGOTA D.C.,BOGOTA  D.C.,MOBIL,BIODIESEL EXTRA,9290,A
2022,2,BOGOTA D.C.,BOGOTA  D.C.,MOBIL,GASOLINA CORRIENTE OXIGENADA,9370,A
2022,2,BOGOTA D.C.,BOGOTA  D.C.,MOBIL,GASOLINA CORRIENTE OXIGENADA,9370,A
2022,2,BOGOTA D.C.,BOGOTA  D.C.,MOBIL,GASOLINA EXTRA OXIGENADA,17530,A
2022,2,BOGOTA D.C.,BOGOTA  D.C.,MOBIL,BIODIESEL EXTRA,9260,A
2022,2,BOGOTA D.C.,BOGOTA  D.C.,MOBIL,BIODIESEL EXTRA,9260,A
2022,2,BOGOTA D.C.,BOGOTA  D.C.,MOBIL,GASOLINA EXTRA OXIGENADA,17130,A
2022,2,BOGOTA D.C.,BOGOTA  D.C.,MOBIL,BIODIESEL EXTRA,9290,A
2022,2,BOGOTA D.C.,BOGOTA  D.C.,MOBIL,GASOLINA EXTRA OXIGENADA,17130,A
2022,2,BOGOTA D.C.,BOGOTA  D.C.,MOBIL,GASOLINA CORRIENTE OXIGENADA,9530,A
2022,2,BOGOTA D.C.,BOGOTA  D.C.,MOBIL,GASOLINA EXTRA OXIGENADA,17130,A
2022,2,BOGOTA D.C.,BOGOTA  D.C.,MOBIL,GASOLINA CORRIENTE OXIGENADA,9330,A
2022,2,BOGOTA D.C.,BOGOTA  D.C.,MOBIL,GASOLINA CORRIENTE OXIGENADA,9290,A
2022,2,BOGOTA D.C.,BOGOTA  D.C.,MOBIL,BIODIESEL EXTRA,10710,A
2022,2,BOGOTA D.C.,BOGOTA  D.C.,MOBIL,BIODIESEL EXTRA,10690,A
2022,2,BOGOTA D.C.,BOGOTA  D.C.,MOBIL,GASOLINA EXTRA OXIGENADA,17530,A
2022,2,BOGOTA D.C.,BOGOTA  D.C.,PETROBRAS,BIODIESEL EXTRA,9150,A
2022,2,BOGOTA D.C.,BOGOTA  D.C.,PETROBRAS,GASOLINA CORRIENTE OXIGENADA,9320,A
2022,2,BOGOTA D.C.,BOGOTA  D.C.,PETROBRAS,GASOLINA EXTRA OXIGENADA,16900,A
2022,2,BOGOTA D.C.,BOGOTA  D.C.,MOBIL,BIODIESEL EXTRA,9152,A
2022,2,BOGOTA D.C.,BOGOTA  D.C.,MOBIL,GASOLINA CORRIENTE OXIGENADA,9372,A
2022,2,BOGOTA D.C.,BOGOTA  D.C.,MOBIL,GASOLINA EXTRA OXIGENADA,16699,A
2022,2,BOGOTA D.C.,BOGOTA  D.C.,MOBIL,BIODIESEL EXTRA,9340,A
2022,2,BOGOTA D.C.,BOGOTA  D.C.,MOBIL,BIODIESEL EXTRA,9340,A
2022,2,BOGOTA D.C.,BOGOTA  D.C.,MOBIL,GASOLINA EXTRA OXIGENADA,16810,A
2022,2,BOGOTA D.C.,BOGOTA  D.C.,MOBIL,GASOLINA EXTRA OXIGENADA,17210,A
2022,2,BOGOTA D.C.,BOGOTA  D.C.,MOBIL,GASOLINA CORRIENTE OXIGENADA,9530,A
2022,2,BOGOTA D.C.,BOGOTA  D.C.,MOBIL,GASOLINA CORRIENTE OXIGENADA,9530,A
2022,2,BOGOTA D.C.,BOGOTA  D.C.,MOBIL,BIODIESEL EXTRA,8940,A
2022,2,BOGOTA D.C.,BOGOTA  D.C.,MOBIL,GASOLINA EXTRA OXIGENADA,16800,A
2022,2,BOGOTA D.C.,BOGOTA  D.C.,MOBIL,GASOLINA CORRIENTE OXIGENADA,9490,A
2022,2,BOGOTA D.C.,BOGOTA  D.C.,MOBIL,GASOLINA EXTRA OXIGENADA,17130,A
2022,2,BOGOTA D.C.,BOGOTA  D.C.,MOBIL,GASOLINA CORRIENTE OXIGENADA,9330,A
2022,2,BOGOTA D.C.,BOGOTA  D.C.,MOBIL,BIODIESEL EXTRA,9190,A
2022,2,BOGOTA D.C.,BOGOTA  D.C.,MOBIL,BIODIESEL EXTRA,9099,A
2022,2,BOGOTA D.C.,BOGOTA  D.C.,MOBIL,GASOLINA CORRIENTE OXIGENADA,9279,A
2022,2,BOGOTA D.C.,BOGOTA  D.C.,MOBIL,GASOLINA EXTRA OXIGENADA,9600,A
2022,2,BOGOTA D.C.,BOGOTA  D.C.,MOBIL,GASOLINA CORRIENTE OXIGENADA,9272,A
2022,2,BOGOTA D.C.,BOGOTA  D.C.,MOBIL,BIODIESEL EXTRA,9000,A
2022,2,BOGOTA D.C.,BOGOTA  D.C.,BIOMAX,BIODIESEL EXTRA,8890,A
2022,2,BOGOTA D.C.,BOGOTA  D.C.,BIOMAX,GASOLINA CORRIENTE OXIGENADA,9190,A
2022,2,BOGOTA D.C.,BOGOTA  D.C.,BIOMAX,GASOLINA EXTRA OXIGENADA,17150,A
2022,2,BOGOTA D.C.,BOGOTA  D.C.,BIOMAX,BIODIESEL EXTRA,9147,A
2022,2,BOGOTA D.C.,BOGOTA  D.C.,BIOMAX,GASOLINA CORRIENTE OXIGENADA,9475,A
2022,2,BOGOTA D.C.,BOGOTA  D.C.,TERPEL,GASOLINA CORRIENTE OXIGENADA,9477,A
2022,2,BOGOTA D.C.,BOGOTA  D.C.,TERPEL,BIODIESEL EXTRA,9247,A
2022,2,BOGOTA D.C.,BOGOTA  D.C.,TERPEL,GASOLINA EXTRA OXIGENADA,16370,A
2022,2,BOGOTA D.C.,BOGOTA  D.C.,TERPEL,GASOLINA EXTRA OXIGENADA,16570,A
2022,2,BOGOTA D.C.,BOGOTA  D.C.,TERPEL,GASOLINA CORRIENTE OXIGENADA,9477,A
2022,2,BOGOTA D.C.,BOGOTA  D.C.,TERPEL,BIODIESEL EXTRA,9247,A
2022,2,BOGOTA D.C.,BOGOTA  D.C.,MOBIL,GASOLINA EXTRA OXIGENADA,16230,A
2022,2,BOGOTA D.C.,BOGOTA  D.C.,MOBIL,GASOLINA CORRIENTE OXIGENADA,9284,A
2022,2,BOGOTA D.C.,BOGOTA  D.C.,MOBIL,BIODIESEL EXTRA,9340,A
2022,2,BOGOTA D.C.,BOGOTA  D.C.,BIOMAX,BIODIESEL EXTRA,9235,A
2022,2,BOGOTA D.C.,BOGOTA  D.C.,BIOMAX,GASOLINA CORRIENTE OXIGENADA,9479,A
2022,2,BOGOTA D.C.,BOGOTA  D.C.,TERPEL,BIODIESEL EXTRA,7924,A
2022,2,BOGOTA D.C.,BOGOTA  D.C.,MOBIL,GASOLINA CORRIENTE OXIGENADA,9450,A
2022,2,BOGOTA D.C.,BOGOTA  D.C.,MOBIL,BIODIESEL EXTRA,8799,A
2022,2,BOGOTA D.C.,BOGOTA  D.C.,PETROBRAS,GASOLINA EXTRA OXIGENADA,16490,A
2022,2,BOGOTA D.C.,BOGOTA  D.C.,PETROBRAS,GASOLINA CORRIENTE OXIGENADA,8759,A
2022,2,BOGOTA D.C.,BOGOTA  D.C.,PETROBRAS,BIODIESEL EXTRA,8689,A
2022,2,BOGOTA D.C.,BOGOTA  D.C.,TEXACO,GASOLINA EXTRA OXIGENADA,16950,A
2022,2,BOGOTA D.C.,BOGOTA  D.C.,TEXACO,GASOLINA CORRIENTE OXIGENADA,9370,A
2022,2,BOGOTA D.C.,BOGOTA  D.C.,TEXACO,BIODIESEL EXTRA,9150,A
2022,2,BOGOTA D.C.,BOGOTA  D.C.,TEXACO,GASOLINA EXTRA OXIGENADA,15990,A
2022,2,BOGOTA D.C.,BOGOTA  D.C.,TEXACO,GASOLINA EXTRA OXIGENADA,16490,A
2022,2,BOGOTA D.C.,BOGOTA  D.C.,TEXACO,GASOLINA CORRIENTE OXIGENADA,9280,A
2022,2,BOGOTA D.C.,BOGOTA  D.C.,TEXACO,GASOLINA CORRIENTE OXIGENADA,9280,A
2022,2,BOGOTA D.C.,BOGOTA  D.C.,MOBIL,GASOLINA CORRIENTE OXIGENADA,9237,A
2022,2,BOGOTA D.C.,BOGOTA  D.C.,MOBIL,BIODIESEL EXTRA,10299,A
2022,2,BOGOTA D.C.,BOGOTA  D.C.,MOBIL,GASOLINA EXTRA OXIGENADA,16449,A
2022,2,BOGOTA D.C.,BOGOTA  D.C.,TEXACO,BIODIESEL EXTRA,9150,A
2022,2,BOGOTA D.C.,BOGOTA  D.C.,TEXACO,GASOLINA EXTRA OXIGENADA,16250,A
2022,2,BOGOTA D.C.,BOGOTA  D.C.,TEXACO,GASOLINA CORRIENTE OXIGENADA,9370,A
2022,2,BOGOTA D.C.,BOGOTA  D.C.,MOBIL,GASOLINA CORRIENTE OXIGENADA,9100,A
2022,2,BOGOTA D.C.,BOGOTA  D.C.,MOBIL,BIODIESEL EXTRA,8999,A
2022,2,BOGOTA D.C.,BOGOTA  D.C.,TEXACO,BIODIESEL EXTRA,9244,A
2022,2,BOGOTA D.C.,BOGOTA  D.C.,TEXACO,GASOLINA CORRIENTE OXIGENADA,9430,A
2022,2,BOGOTA D.C.,BOGOTA  D.C.,TEXACO,GASOLINA EXTRA OXIGENADA,16600,A
2022,2,BOGOTA D.C.,BOGOTA  D.C.,BIOMAX,BIODIESEL EXTRA,9940,A
2022,2,BOGOTA D.C.,BOGOTA  D.C.,BIOMAX,GASOLINA CORRIENTE OXIGENADA,11770,A
2022,2,BOGOTA D.C.,BOGOTA  D.C.,BIOMAX,BIODIESEL EXTRA,9940,A
2022,2,BOGOTA D.C.,BOGOTA  D.C.,BIOMAX,GASOLINA EXTRA OXIGENADA,9540,A
2022,2,BOGOTA D.C.,BOGOTA  D.C.,BIOMAX,BIODIESEL EXTRA,9940,A
2022,2,BOGOTA D.C.,BOGOTA  D.C.,BIOMAX,GASOLINA EXTRA OXIGENADA,17770,A
2022,2,BOGOTA D.C.,BOGOTA  D.C.,BIOMAX,GASOLINA EXTRA OXIGENADA,17770,A
2022,2,BOGOTA D.C.,BOGOTA  D.C.,BIOMAX,GASOLINA CORRIENTE OXIGENADA,9380,A
2022,2,BOGOTA D.C.,BOGOTA  D.C.,BIOMAX,GASOLINA CORRIENTE OXIGENADA,9540,A
2022,2,BOGOTA D.C.,BOGOTA  D.C.,MOBIL,GASOLINA CORRIENTE OXIGENADA,8958,A
2022,2,BOGOTA D.C.,BOGOTA  D.C.,MOBIL,BIODIESEL EXTRA,8786,A
2022,2,BOGOTA D.C.,BOGOTA  D.C.,MOBIL,BIODIESEL EXTRA,8786,A
2022,2,BOGOTA D.C.,BOGOTA  D.C.,MOBIL,GASOLINA CORRIENTE OXIGENADA,8978,A
2022,2,BOGOTA D.C.,BOGOTA  D.C.,TEXACO,BIODIESEL EXTRA,9120,A
2022,2,BOGOTA D.C.,BOGOTA  D.C.,TEXACO,GASOLINA CORRIENTE OXIGENADA,9330,A
2022,2,BOGOTA D.C.,BOGOTA  D.C.,PETROMIL,GASOLINA CORRIENTE OXIGENADA,9370,A
2022,2,BOGOTA D.C.,BOGOTA  D.C.,PETROMIL,BIODIESEL EXTRA,9150,A
2022,2,BOGOTA D.C.,BOGOTA  D.C.,PETROBRAS,GASOLINA CORRIENTE OXIGENADA,8749,A
2022,2,BOGOTA D.C.,BOGOTA  D.C.,PETROBRAS,BIODIESEL EXTRA,8539,A
2022,2,BOGOTA D.C.,BOGOTA  D.C.,TEXACO,GASOLINA EXTRA OXIGENADA,16350,A
2022,2,BOGOTA D.C.,BOGOTA  D.C.,TEXACO,GASOLINA CORRIENTE OXIGENADA,9557,A
2022,2,BOGOTA D.C.,BOGOTA  D.C.,TEXACO,BIODIESEL EXTRA,9515,A
2022,2,BOGOTA D.C.,BOGOTA  D.C.,TEXACO,GASOLINA EXTRA OXIGENADA,16750,A
2022,2,BOGOTA D.C.,BOGOTA  D.C.,TEXACO,BIODIESEL EXTRA,9515,A
2022,2,BOGOTA D.C.,BOGOTA  D.C.,TEXACO,GASOLINA CORRIENTE OXIGENADA,9557,A
2022,2,BOGOTA D.C.,BOGOTA  D.C.,TERPEL,BIODIESEL EXTRA,9000,A
2022,2,BOGOTA D.C.,BOGOTA  D.C.,TERPEL,BIOACEM AL 9%,8690,A
2022,2,BOGOTA D.C.,BOGOTA  D.C.,TERPEL,GASOLINA EXTRA OXIGENADA,16340,A
2022,2,BOGOTA D.C.,BOGOTA  D.C.,TERPEL,GASOLINA CORRIENTE OXIGENADA,8840,A
2022,2,BOGOTA D.C.,BOGOTA  D.C.,BIOMAX,BIODIESEL EXTRA,8958,A
2022,2,BOGOTA D.C.,BOGOTA  D.C.,BIOMAX,GASOLINA CORRIENTE OXIGENADA,9156,A
2022,2,BOGOTA D.C.,BOGOTA  D.C.,TEXACO,BIODIESEL EXTRA,9850,A
2022,2,BOGOTA D.C.,BOGOTA  D.C.,TEXACO,GASOLINA CORRIENTE OXIGENADA,9570,A
2022,2,BOGOTA D.C.,BOGOTA  D.C.,TEXACO,GASOLINA EXTRA OXIGENADA,16350,A
2022,2,BOGOTA D.C.,BOGOTA  D.C.,TERPEL,BIODIESEL EXTRA,9170,A
2022,2,BOGOTA D.C.,BOGOTA  D.C.,TERPEL,GASOLINA CORRIENTE OXIGENADA,9370,A
2022,2,BOGOTA D.C.,BOGOTA  D.C.,TERPEL,BIODIESEL EXTRA,9170,A
2022,2,BOGOTA D.C.,BOGOTA  D.C.,TERPEL,GASOLINA CORRIENTE OXIGENADA,9370,A
2022,2,BOGOTA D.C.,BOGOTA  D.C.,TERPEL,BIODIESEL EXTRA,8790,A
2022,2,BOGOTA D.C.,BOGOTA  D.C.,TERPEL,GASOLINA CORRIENTE OXIGENADA,8937,A
2022,2,BOGOTA D.C.,BOGOTA  D.C.,TERPEL,BIODIESEL EXTRA,9169,A
2022,2,BOGOTA D.C.,BOGOTA  D.C.,TERPEL,BIODIESEL EXTRA,9169,A
2022,2,BOGOTA D.C.,BOGOTA  D.C.,TERPEL,GASOLINA CORRIENTE OXIGENADA,8799,A
2022,2,BOGOTA D.C.,BOGOTA  D.C.,TERPEL,BIODIESEL EXTRA,9169,A
2022,2,BOGOTA D.C.,BOGOTA  D.C.,TERPEL,GASOLINA EXTRA OXIGENADA,16099,A
2022,2,BOGOTA D.C.,BOGOTA  D.C.,TERPEL,GASOLINA EXTRA OXIGENADA,16499,A
2022,2,BOGOTA D.C.,BOGOTA  D.C.,TERPEL,GASOLINA EXTRA OXIGENADA,16499,A
2022,2,BOGOTA D.C.,BOGOTA  D.C.,TERPEL,GASOLINA CORRIENTE OXIGENADA,8799,A
2022,2,BOGOTA D.C.,BOGOTA  D.C.,TERPEL,GASOLINA CORRIENTE OXIGENADA,8799,A
2022,2,BOGOTA D.C.,BOGOTA  D.C.,PETROMIL,GASOLINA CORRIENTE OXIGENADA,9290,A
2022,2,BOGOTA D.C.,BOGOTA  D.C.,PETROMIL,GASOLINA EXTRA OXIGENADA,12000,A
2022,2,BOGOTA D.C.,BOGOTA  D.C.,PETROMIL,BIODIESEL EXTRA,9230,A
2022,2,BOGOTA D.C.,BOGOTA  D.C.,MOBIL,GASOLINA CORRIENTE OXIGENADA,9069,A
2022,2,BOGOTA D.C.,BOGOTA  D.C.,MOBIL,BIODIESEL EXTRA,8799,A
2022,2,BOGOTA D.C.,BOGOTA  D.C.,BIOMAX,BIODIESEL EXTRA,9070,A
2022,2,BOGOTA D.C.,BOGOTA  D.C.,BIOMAX,GASOLINA EXTRA OXIGENADA,17170,A
2022,2,BOGOTA D.C.,BOGOTA  D.C.,BIOMAX,BIODIESEL EXTRA,9070,A
2022,2,BOGOTA D.C.,BOGOTA  D.C.,BIOMAX,GASOLINA CORRIENTE OXIGENADA,9370,A
2022,2,BOGOTA D.C.,BOGOTA  D.C.,BIOMAX,GASOLINA EXTRA OXIGENADA,17170,A
2022,2,BOGOTA D.C.,BOGOTA  D.C.,BIOMAX,GASOLINA CORRIENTE OXIGENADA,8990,A
2022,2,BOGOTA D.C.,BOGOTA  D.C.,TEXACO,GASOLINA EXTRA OXIGENADA,16320,A
2022,2,BOGOTA D.C.,BOGOTA  D.C.,TEXACO,GASOLINA CORRIENTE OXIGENADA,9570,A
2022,2,BOGOTA D.C.,BOGOTA  D.C.,TEXACO,BIODIESEL EXTRA,9560,A
2022,2,BOGOTA D.C.,BOGOTA  D.C.,MOBIL,BIODIESEL EXTRA,9127,A
2022,2,BOGOTA D.C.,BOGOTA  D.C.,MOBIL,GASOLINA CORRIENTE OXIGENADA,9352,A
2022,2,BOGOTA D.C.,BOGOTA  D.C.,ESSO,BIODIESEL EXTRA,9140,A
2022,2,BOGOTA D.C.,BOGOTA  D.C.,ESSO,GASOLINA CORRIENTE OXIGENADA,9310,A
2022,2,BOGOTA D.C.,BOGOTA  D.C.,ESSO,GASOLINA EXTRA OXIGENADA,16000,A
2022,2,BOGOTA D.C.,BOGOTA  D.C.,ESSO,GASOLINA EXTRA OXIGENADA,17200,A
2022,2,BOGOTA D.C.,BOGOTA  D.C.,ESSO,GASOLINA CORRIENTE OXIGENADA,9310,A
2022,2,BOGOTA D.C.,BOGOTA  D.C.,ESSO,BIODIESEL EXTRA,9140,A
2022,2,BOGOTA D.C.,BOGOTA  D.C.,TEXACO,GASOLINA CORRIENTE OXIGENADA,9570,A
2022,2,BOGOTA D.C.,BOGOTA  D.C.,TEXACO,BIODIESEL EXTRA,9470,A
2022,2,BOGOTA D.C.,BOGOTA  D.C.,TEXACO,GASOLINA EXTRA OXIGENADA,16990,A
2022,2,BOGOTA D.C.,BOGOTA  D.C.,BIOMAX,GASOLINA CORRIENTE OXIGENADA,8979,A
2022,2,BOGOTA D.C.,BOGOTA  D.C.,BIOMAX,ACPM - DIESEL,9160,A
2022,2,BOGOTA D.C.,BOGOTA  D.C.,BIOMAX,ACPM - DIESEL,9160,A
2022,2,BOGOTA D.C.,BOGOTA  D.C.,BIOMAX,ACPM - DIESEL,9160,A
2022,2,BOGOTA D.C.,BOGOTA  D.C.,BIOMAX,GASOLINA CORRIENTE OXIGENADA,8979,A
2022,2,BOGOTA D.C.,BOGOTA  D.C.,BIOMAX,BIODIESEL EXTRA,9920,A
2022,2,BOGOTA D.C.,BOGOTA  D.C.,BIOMAX,ACPM - DIESEL,9160,A
2022,2,BOGOTA D.C.,BOGOTA  D.C.,BIOMAX,BIODIESEL EXTRA,9920,A
2022,2,BOGOTA D.C.,BOGOTA  D.C.,BIOMAX,BIODIESEL EXTRA,9920,A
2022,2,BOGOTA D.C.,BOGOTA  D.C.,BIOMAX,ACPM - DIESEL,9160,A
2022,2,BOGOTA D.C.,BOGOTA  D.C.,BIOMAX,BIODIESEL EXTRA,9920,A
2022,2,BOGOTA D.C.,BOGOTA  D.C.,BIOMAX,GASOLINA CORRIENTE OXIGENADA,8979,A
2022,2,BOGOTA D.C.,BOGOTA  D.C.,BIOMAX,GASOLINA CORRIENTE OXIGENADA,8979,A
2022,2,BOGOTA D.C.,BOGOTA  D.C.,BIOMAX,GASOLINA CORRIENTE OXIGENADA,8979,A
2022,2,BOGOTA D.C.,BOGOTA  D.C.,BIOMAX,ACPM - DIESEL,9160,A
2022,2,BOGOTA D.C.,BOGOTA  D.C.,BIOMAX,ACPM - DIESEL,9160,A
2022,2,BOGOTA D.C.,BOGOTA  D.C.,BIOMAX,GASOLINA CORRIENTE OXIGENADA,8979,A
2022,2,BOGOTA D.C.,BOGOTA  D.C.,BIOMAX,BIODIESEL EXTRA,9920,A
2022,2,BOGOTA D.C.,BOGOTA  D.C.,BIOMAX,BIODIESEL EXTRA,9920,A
2022,2,BOGOTA D.C.,BOGOTA  D.C.,BIOMAX,BIODIESEL EXTRA,9920,A
2022,2,BOGOTA D.C.,BOGOTA  D.C.,BIOMAX,BIODIESEL EXTRA,9920,A
2022,2,BOGOTA D.C.,BOGOTA  D.C.,BIOMAX,GASOLINA CORRIENTE OXIGENADA,8979,A
2022,2,BOGOTA D.C.,BOGOTA  D.C.,BIOMAX,ACPM - DIESEL,9160,A
2022,2,BOGOTA D.C.,BOGOTA  D.C.,BIOMAX,GASOLINA CORRIENTE OXIGENADA,8979,A
2022,2,BOGOTA D.C.,BOGOTA  D.C.,BIOMAX,ACPM - DIESEL,9160,A
2022,2,BOGOTA D.C.,BOGOTA  D.C.,BIOMAX,BIODIESEL EXTRA,9920,A
2022,2,BOGOTA D.C.,BOGOTA  D.C.,BIOMAX,ACPM - DIESEL,9160,A
2022,2,BOGOTA D.C.,BOGOTA  D.C.,BIOMAX,GASOLINA CORRIENTE OXIGENADA,8979,A
2022,2,BOGOTA D.C.,BOGOTA  D.C.,BIOMAX,BIODIESEL EXTRA,9920,A
2022,2,BOGOTA D.C.,BOGOTA  D.C.,BIOMAX,ACPM - DIESEL,9160,A
2022,2,BOGOTA D.C.,BOGOTA  D.C.,BIOMAX,ACPM - DIESEL,9160,A
2022,2,BOGOTA D.C.,BOGOTA  D.C.,BIOMAX,GASOLINA CORRIENTE OXIGENADA,9390,A
2022,2,BOGOTA D.C.,BOGOTA  D.C.,BIOMAX,GASOLINA CORRIENTE OXIGENADA,8979,A
2022,2,BOGOTA D.C.,BOGOTA  D.C.,BIOMAX,GASOLINA CORRIENTE OXIGENADA,8979,A
2022,2,BOGOTA D.C.,BOGOTA  D.C.,BIOMAX,ACPM - DIESEL,9160,A
2022,2,BOGOTA D.C.,BOGOTA  D.C.,BIOMAX,ACPM - DIESEL,9160,A
2022,2,BOGOTA D.C.,BOGOTA  D.C.,BIOMAX,BIODIESEL EXTRA,9920,A
2022,2,BOGOTA D.C.,BOGOTA  D.C.,BIOMAX,GASOLINA CORRIENTE OXIGENADA,8979,A
2022,2,BOGOTA D.C.,BOGOTA  D.C.,BIOMAX,BIODIESEL EXTRA,9920,A
2022,2,BOGOTA D.C.,BOGOTA  D.C.,BIOMAX,BIODIESEL EXTRA,9920,A
2022,2,BOGOTA D.C.,BOGOTA  D.C.,BIOMAX,GASOLINA CORRIENTE OXIGENADA,8979,A
2022,2,BOGOTA D.C.,BOGOTA  D.C.,BIOMAX,BIODIESEL EXTRA,9920,A
2022,2,BOGOTA D.C.,BOGOTA  D.C.,BIOMAX,BIODIESEL EXTRA,9920,A
2022,2,BOGOTA D.C.,BOGOTA  D.C.,BIOMAX,GASOLINA CORRIENTE OXIGENADA,8979,A
2022,2,BOGOTA D.C.,BOGOTA  D.C.,BIOMAX,ACPM - DIESEL,9160,A
2022,2,BOGOTA D.C.,BOGOTA  D.C.,BIOMAX,BIODIESEL EXTRA,9920,A
2022,2,BOGOTA D.C.,BOGOTA  D.C.,BIOMAX,ACPM - DIESEL,9160,A
2022,2,BOGOTA D.C.,BOGOTA  D.C.,BIOMAX,ACPM - DIESEL,9160,A
2022,2,BOGOTA D.C.,BOGOTA  D.C.,BIOMAX,BIODIESEL EXTRA,9920,A
2022,2,BOGOTA D.C.,BOGOTA  D.C.,BIOMAX,GASOLINA CORRIENTE OXIGENADA,8979,A
2022,2,BOGOTA D.C.,BOGOTA  D.C.,BIOMAX,GASOLINA CORRIENTE OXIGENADA,8979,A
2022,2,BOGOTA D.C.,BOGOTA  D.C.,BIOMAX,GASOLINA CORRIENTE OXIGENADA,9150,A
2022,2,BOGOTA D.C.,BOGOTA  D.C.,BIOMAX,GASOLINA EXTRA OXIGENADA,16150,A
2022,2,BOGOTA D.C.,BOGOTA  D.C.,BIOMAX,BIODIESEL EXTRA,9150,A
2022,2,BOGOTA D.C.,BOGOTA  D.C.,TERPEL,BIODIESEL EXTRA,8799,A
2022,2,BOGOTA D.C.,BOGOTA  D.C.,TERPEL,GASOLINA CORRIENTE OXIGENADA,8999,A
2022,2,BOGOTA D.C.,BOGOTA  D.C.,TERPEL,GASOLINA EXTRA OXIGENADA,16290,A
2022,2,BOGOTA D.C.,BOGOTA  D.C.,TERPEL,GASOLINA CORRIENTE OXIGENADA,9080,A
2022,2,BOGOTA D.C.,BOGOTA  D.C.,TERPEL,BIODIESEL EXTRA,8790,A
2022,2,BOGOTA D.C.,BOGOTA  D.C.,TERPEL,GASOLINA CORRIENTE OXIGENADA,8990,A
2022,2,BOGOTA D.C.,BOGOTA  D.C.,TERPEL,BIODIESEL EXTRA,8810,A
2022,2,BOGOTA D.C.,BOGOTA  D.C.,TERPEL,GASOLINA EXTRA OXIGENADA,16330,A
2022,2,BOGOTA D.C.,BOGOTA  D.C.,TERPEL,GASOLINA CORRIENTE OXIGENADA,8769,A
2022,2,BOGOTA D.C.,BOGOTA  D.C.,TERPEL,BIODIESEL EXTRA,8649,A
2022,2,BOGOTA D.C.,BOGOTA  D.C.,TERPEL,GASOLINA EXTRA OXIGENADA,15959,A
2022,2,BOGOTA D.C.,BOGOTA  D.C.,TERPEL,GASOLINA CORRIENTE OXIGENADA,9090,A
2022,2,BOGOTA D.C.,BOGOTA  D.C.,TERPEL,BIODIESEL EXTRA,8730,A
2022,2,BOGOTA D.C.,BOGOTA  D.C.,TERPEL,GASOLINA EXTRA OXIGENADA,16080,A
2022,2,BOGOTA D.C.,BOGOTA  D.C.,TERPEL,GASOLINA EXTRA OXIGENADA,16080,A
2022,2,BOGOTA D.C.,BOGOTA  D.C.,TERPEL,GASOLINA CORRIENTE OXIGENADA,8720,A
2022,2,BOGOTA D.C.,BOGOTA  D.C.,TERPEL,BIODIESEL EXTRA,8590,A
2022,2,BOGOTA D.C.,BOGOTA  D.C.,MOBIL,BIODIESEL EXTRA,8990,A
2022,2,BOGOTA D.C.,BOGOTA  D.C.,MOBIL,BIODIESEL EXTRA,8990,A
2022,2,BOGOTA D.C.,BOGOTA  D.C.,MOBIL,GASOLINA CORRIENTE OXIGENADA,9200,A
2022,2,BOGOTA D.C.,BOGOTA  D.C.,MOBIL,GASOLINA CORRIENTE OXIGENADA,9170,A
2022,2,BOGOTA D.C.,BOGOTA  D.C.,BIOMAX,GASOLINA CORRIENTE OXIGENADA,9129,A
2022,2,BOGOTA D.C.,BOGOTA  D.C.,BIOMAX,BIODIESEL EXTRA,8999,A
2022,2,BOGOTA D.C.,BOGOTA  D.C.,MOBIL,GASOLINA EXTRA OXIGENADA,16650,A
2022,2,BOGOTA D.C.,BOGOTA  D.C.,MOBIL,GASOLINA CORRIENTE OXIGENADA,9140,A
2022,2,BOGOTA D.C.,BOGOTA  D.C.,MOBIL,GASOLINA CORRIENTE OXIGENADA,9170,A
2022,2,BOGOTA D.C.,BOGOTA  D.C.,MOBIL,BIODIESEL EXTRA,9000,A
2022,2,BOGOTA D.C.,BOGOTA  D.C.,MOBIL,GASOLINA EXTRA OXIGENADA,16260,A
2022,2,BOGOTA D.C.,BOGOTA  D.C.,TERPEL,GASOLINA CORRIENTE OXIGENADA,8760,A
2022,2,BOGOTA D.C.,BOGOTA  D.C.,TERPEL,BIODIESEL EXTRA,8690,A
2022,2,BOGOTA D.C.,BOGOTA  D.C.,TERPEL,BIODIESEL EXTRA,8750,A
2022,2,BOGOTA D.C.,BOGOTA  D.C.,TERPEL,GASOLINA CORRIENTE OXIGENADA,8970,A
2022,2,BOGOTA D.C.,BOGOTA  D.C.,TERPEL,GASOLINA EXTRA OXIGENADA,16190,A
2022,2,BOGOTA D.C.,BOGOTA  D.C.,TERPEL,BIODIESEL EXTRA,8750,A
2022,2,BOGOTA D.C.,BOGOTA  D.C.,TERPEL,BIODIESEL EXTRA,8950,A
2022,2,BOGOTA D.C.,BOGOTA  D.C.,TERPEL,GASOLINA CORRIENTE OXIGENADA,9090,A
2022,2,BOGOTA D.C.,BOGOTA  D.C.,TERPEL,GASOLINA EXTRA OXIGENADA,15820,A
2022,2,BOGOTA D.C.,BOGOTA  D.C.,TERPEL,GASOLINA CORRIENTE OXIGENADA,8970,A
2022,2,BOGOTA D.C.,BOGOTA  D.C.,TERPEL,GASOLINA EXTRA OXIGENADA,16090,A
2022,2,BOGOTA D.C.,BOGOTA  D.C.,PETROMIL,BIODIESEL EXTRA,8022,A
2022,2,BOGOTA D.C.,BOGOTA  D.C.,MOBIL,GASOLINA CORRIENTE OXIGENADA,9367,A
2022,2,BOGOTA D.C.,BOGOTA  D.C.,MOBIL,BIODIESEL EXTRA,9148,A
2022,2,BOGOTA D.C.,BOGOTA  D.C.,TEXACO,GASOLINA EXTRA OXIGENADA,16460,A
2022,2,BOGOTA D.C.,BOGOTA  D.C.,TEXACO,GASOLINA CORRIENTE OXIGENADA,9120,A
2022,2,BOGOTA D.C.,BOGOTA  D.C.,TEXACO,BIODIESEL EXTRA,8900,A
2022,2,BOGOTA D.C.,BOGOTA  D.C.,TEXACO,GASOLINA EXTRA OXIGENADA,16750,A
2022,2,BOGOTA D.C.,BOGOTA  D.C.,TEXACO,GASOLINA CORRIENTE OXIGENADA,9560,A
2022,2,BOGOTA D.C.,BOGOTA  D.C.,TEXACO,BIODIESEL EXTRA,9580,A
2022,2,BOGOTA D.C.,BOGOTA  D.C.,TEXACO,GASOLINA CORRIENTE OXIGENADA,9560,A
2022,2,BOGOTA D.C.,BOGOTA  D.C.,TEXACO,GASOLINA EXTRA OXIGENADA,16350,A
2022,2,BOGOTA D.C.,BOGOTA  D.C.,TEXACO,BIODIESEL EXTRA,9580,A
2022,2,BOGOTA D.C.,BOGOTA  D.C.,TEXACO,BIODIESEL EXTRA,8122,A
2022,2,BOGOTA D.C.,BOGOTA  D.C.,MOBIL,BIODIESEL EXTRA,9152,A
2022,2,BOGOTA D.C.,BOGOTA  D.C.,MOBIL,GASOLINA CORRIENTE OXIGENADA,8979,A
2022,2,BOGOTA D.C.,BOGOTA  D.C.,TERPEL,GASOLINA CORRIENTE OXIGENADA,8987,A
2022,2,BOGOTA D.C.,BOGOTA  D.C.,TERPEL,BIODIESEL EXTRA,8747,A
2022,2,BOGOTA D.C.,BOGOTA  D.C.,TEXACO,GASOLINA CORRIENTE OXIGENADA,9190,A
2022,2,BOGOTA D.C.,BOGOTA  D.C.,TEXACO,GASOLINA EXTRA OXIGENADA,15950,A
2022,2,BOGOTA D.C.,BOGOTA  D.C.,BIOMAX,BIODIESEL EXTRA,8795,A
2022,2,BOGOTA D.C.,BOGOTA  D.C.,BIOMAX,GASOLINA CORRIENTE OXIGENADA,9095,A
2022,2,BOGOTA D.C.,BOGOTA  D.C.,MOBIL,BIODIESEL EXTRA,8690,A
2022,2,BOGOTA D.C.,BOGOTA  D.C.,MOBIL,GASOLINA CORRIENTE OXIGENADA,8760,A
2022,2,BOGOTA D.C.,BOGOTA  D.C.,MOBIL,BIODIESEL EXTRA,9080,A
2022,2,BOGOTA D.C.,BOGOTA  D.C.,MOBIL,GASOLINA CORRIENTE OXIGENADA,9300,A
2022,2,BOGOTA D.C.,BOGOTA  D.C.,MOBIL,GASOLINA EXTRA OXIGENADA,16200,A
2022,2,BOGOTA D.C.,BOGOTA  D.C.,MOBIL,BIODIESEL EXTRA,9080,A
2022,2,BOGOTA D.C.,BOGOTA  D.C.,MOBIL,GASOLINA EXTRA OXIGENADA,15800,A
2022,2,BOGOTA D.C.,BOGOTA  D.C.,MOBIL,GASOLINA CORRIENTE OXIGENADA,9300,A
2022,2,BOGOTA D.C.,BOGOTA  D.C.,MOBIL,GASOLINA EXTRA OXIGENADA,15500,A
2022,2,BOGOTA D.C.,BOGOTA  D.C.,MOBIL,GASOLINA CORRIENTE OXIGENADA,8947,A
2022,2,BOGOTA D.C.,BOGOTA  D.C.,MOBIL,BIODIESEL EXTRA,8765,A
2022,2,BOGOTA D.C.,BOGOTA  D.C.,MOBIL,GASOLINA EXTRA OXIGENADA,16299,A
2022,2,BOGOTA D.C.,BOGOTA  D.C.,MOBIL,GASOLINA CORRIENTE OXIGENADA,9099,A
2022,2,BOGOTA D.C.,BOGOTA  D.C.,MOBIL,BIODIESEL EXTRA,8799,A
2022,2,BOGOTA D.C.,BOGOTA  D.C.,TERPEL,BIODIESEL EXTRA,9335,A
2022,2,BOGOTA D.C.,BOGOTA  D.C.,TERPEL,GASOLINA CORRIENTE OXIGENADA,9537,A
2022,2,BOGOTA D.C.,BOGOTA  D.C.,PETROBRAS,GASOLINA CORRIENTE OXIGENADA,9530,A
2022,2,BOGOTA D.C.,BOGOTA  D.C.,PETROBRAS,BIODIESEL EXTRA,9340,A
2022,2,BOGOTA D.C.,BOGOTA  D.C.,PETROBRAS,GASOLINA EXTRA OXIGENADA,17210,A
2022,2,BOGOTA D.C.,BOGOTA  D.C.,PETROBRAS,GASOLINA CORRIENTE OXIGENADA,9530,A
2022,2,BOGOTA D.C.,BOGOTA  D.C.,PETROBRAS,GASOLINA EXTRA OXIGENADA,16810,A
2022,2,BOGOTA D.C.,BOGOTA  D.C.,PETROBRAS,BIODIESEL EXTRA,9340,A
2022,2,BOGOTA D.C.,BOGOTA  D.C.,PETROBRAS,BIODIESEL EXTRA,8780,A
2022,2,BOGOTA D.C.,BOGOTA  D.C.,PETROBRAS,GASOLINA CORRIENTE OXIGENADA,8880,A
2022,2,BOGOTA D.C.,BOGOTA  D.C.,PETROBRAS,GASOLINA CORRIENTE OXIGENADA,8890,A
2022,2,BOGOTA D.C.,BOGOTA  D.C.,PETROBRAS,BIODIESEL EXTRA,8770,A
2022,2,BOGOTA D.C.,BOGOTA  D.C.,PETROBRAS,BIODIESEL EXTRA,9250,A
2022,2,BOGOTA D.C.,BOGOTA  D.C.,PETROBRAS,GASOLINA EXTRA OXIGENADA,16400,A
2022,2,BOGOTA D.C.,BOGOTA  D.C.,PETROBRAS,GASOLINA CORRIENTE OXIGENADA,9500,A
2022,2,BOGOTA D.C.,BOGOTA  D.C.,PETROBRAS,GASOLINA EXTRA OXIGENADA,16800,A
2022,2,BOGOTA D.C.,BOGOTA  D.C.,PETROBRAS,BIODIESEL EXTRA,9250,A
2022,2,BOGOTA D.C.,BOGOTA  D.C.,PETROBRAS,GASOLINA CORRIENTE OXIGENADA,9500,A
2022,2,BOGOTA D.C.,BOGOTA  D.C.,PETROBRAS,BIODIESEL EXTRA,8799,A
2022,2,BOGOTA D.C.,BOGOTA  D.C.,PETROBRAS,GASOLINA CORRIENTE OXIGENADA,8849,A
2022,2,BOGOTA D.C.,BOGOTA  D.C.,PETROBRAS,BIODIESEL EXTRA,9025,A
2022,2,BOGOTA D.C.,BOGOTA  D.C.,PETROBRAS,GASOLINA EXTRA OXIGENADA,16210,A
2022,2,BOGOTA D.C.,BOGOTA  D.C.,PETROBRAS,GASOLINA CORRIENTE OXIGENADA,9245,A
2022,2,BOGOTA D.C.,BOGOTA  D.C.,PETROBRAS,BIODIESEL EXTRA,9340,A
2022,2,BOGOTA D.C.,BOGOTA  D.C.,PETROBRAS,GASOLINA CORRIENTE OXIGENADA,9630,A
2022,2,BOGOTA D.C.,BOGOTA  D.C.,PETROBRAS,BIODIESEL EXTRA,9340,A
2022,2,BOGOTA D.C.,BOGOTA  D.C.,PETROBRAS,GASOLINA EXTRA OXIGENADA,16910,A
2022,2,BOGOTA D.C.,BOGOTA  D.C.,PETROBRAS,GASOLINA EXTRA OXIGENADA,17300,A
2022,2,BOGOTA D.C.,BOGOTA  D.C.,PETROBRAS,GASOLINA EXTRA OXIGENADA,17300,A
2022,2,BOGOTA D.C.,BOGOTA  D.C.,PETROBRAS,GASOLINA CORRIENTE OXIGENADA,9630,A
2022,2,BOGOTA D.C.,BOGOTA  D.C.,PETROBRAS,GASOLINA CORRIENTE OXIGENADA,9600,A
2022,2,BOGOTA D.C.,BOGOTA  D.C.,PETROBRAS,BIODIESEL EXTRA,9300,A
2022,2,BOGOTA D.C.,BOGOTA  D.C.,PETROBRAS,GASOLINA CORRIENTE OXIGENADA,8859,A
2022,2,BOGOTA D.C.,BOGOTA  D.C.,PETROBRAS,BIODIESEL EXTRA,8599,A
2022,2,BOGOTA D.C.,BOGOTA  D.C.,BIOMAX,GASOLINA CORRIENTE OXIGENADA,9479,A
2022,2,BOGOTA D.C.,BOGOTA  D.C.,BIOMAX,BIODIESEL EXTRA,9249,A
2022,2,BOGOTA D.C.,BOGOTA  D.C.,BIOMAX,BIODIESEL EXTRA,9239,A
2022,2,BOGOTA D.C.,BOGOTA  D.C.,BIOMAX,BIODIESEL EXTRA,9239,A
2022,2,BOGOTA D.C.,BOGOTA  D.C.,BIOMAX,GASOLINA CORRIENTE OXIGENADA,9369,A
2022,2,BOGOTA D.C.,BOGOTA  D.C.,BIOMAX,BIODIESEL EXTRA,9239,A
2022,2,BOGOTA D.C.,BOGOTA  D.C.,BIOMAX,GASOLINA CORRIENTE OXIGENADA,9079,A
2022,2,BOGOTA D.C.,BOGOTA  D.C.,BIOMAX,BIODIESEL EXTRA,9239,A
2022,2,BOGOTA D.C.,BOGOTA  D.C.,BIOMAX,BIODIESEL EXTRA,9239,A
2022,2,BOGOTA D.C.,BOGOTA  D.C.,BIOMAX,GASOLINA CORRIENTE OXIGENADA,9369,A
2022,2,BOGOTA D.C.,BOGOTA  D.C.,BIOMAX,BIODIESEL EXTRA,9239,A
2022,2,BOGOTA D.C.,BOGOTA  D.C.,BIOMAX,GASOLINA CORRIENTE OXIGENADA,9369,A
2022,2,BOGOTA D.C.,BOGOTA  D.C.,BIOMAX,GASOLINA CORRIENTE OXIGENADA,9079,A
2022,2,BOGOTA D.C.,BOGOTA  D.C.,BIOMAX,BIODIESEL EXTRA,9239,A
2022,2,BOGOTA D.C.,BOGOTA  D.C.,BIOMAX,GASOLINA CORRIENTE OXIGENADA,9079,A
2022,2,BOGOTA D.C.,BOGOTA  D.C.,BIOMAX,BIODIESEL EXTRA,9239,A
2022,2,BOGOTA D.C.,BOGOTA  D.C.,BIOMAX,GASOLINA CORRIENTE OXIGENADA,9079,A
2022,2,BOGOTA D.C.,BOGOTA  D.C.,BIOMAX,GASOLINA CORRIENTE OXIGENADA,9079,A
2022,2,BOGOTA D.C.,BOGOTA  D.C.,BIOMAX,BIODIESEL EXTRA,9239,A
2022,2,BOGOTA D.C.,BOGOTA  D.C.,BIOMAX,GASOLINA CORRIENTE OXIGENADA,9079,A
2022,2,BOGOTA D.C.,BOGOTA  D.C.,BIOMAX,BIODIESEL EXTRA,9239,A
2022,2,BOGOTA D.C.,BOGOTA  D.C.,BIOMAX,BIODIESEL EXTRA,9239,A
2022,2,BOGOTA D.C.,BOGOTA  D.C.,BIOMAX,BIODIESEL EXTRA,9239,A
2022,2,BOGOTA D.C.,BOGOTA  D.C.,BIOMAX,GASOLINA CORRIENTE OXIGENADA,9369,A
2022,2,BOGOTA D.C.,BOGOTA  D.C.,BIOMAX,GASOLINA CORRIENTE OXIGENADA,9079,A
2022,2,BOGOTA D.C.,BOGOTA  D.C.,BIOMAX,GASOLINA CORRIENTE OXIGENADA,9079,A
2022,2,BOGOTA D.C.,BOGOTA  D.C.,BIOMAX,GASOLINA CORRIENTE OXIGENADA,9079,A
2022,2,BOGOTA D.C.,BOGOTA  D.C.,BIOMAX,GASOLINA CORRIENTE OXIGENADA,9079,A
2022,2,BOGOTA D.C.,BOGOTA  D.C.,BIOMAX,BIODIESEL EXTRA,9239,A
2022,2,BOGOTA D.C.,BOGOTA  D.C.,BIOMAX,BIODIESEL EXTRA,9239,A
2022,2,BOGOTA D.C.,BOGOTA  D.C.,BIOMAX,BIODIESEL EXTRA,9239,A
2022,2,BOGOTA D.C.,BOGOTA  D.C.,BIOMAX,GASOLINA CORRIENTE OXIGENADA,9369,A
2022,2,BOGOTA D.C.,BOGOTA  D.C.,TERPEL,GASOLINA CORRIENTE OXIGENADA,9270,A
2022,2,BOGOTA D.C.,BOGOTA  D.C.,TERPEL,BIODIESEL EXTRA,8950,A
2022,2,BOGOTA D.C.,BOGOTA  D.C.,TERPEL,BIODIESEL EXTRA,9090,A
2022,2,BOGOTA D.C.,BOGOTA  D.C.,TERPEL,GASOLINA CORRIENTE OXIGENADA,9270,A
2022,2,BOGOTA D.C.,BOGOTA  D.C.,MOBIL,BIODIESEL EXTRA,8999,A
2022,2,BOGOTA D.C.,BOGOTA  D.C.,MOBIL,GASOLINA CORRIENTE OXIGENADA,9139,A
2022,2,BOGOTA D.C.,BOGOTA  D.C.,TEXACO,BIODIESEL EXTRA,9056,A
2022,2,BOGOTA D.C.,BOGOTA  D.C.,TEXACO,GASOLINA CORRIENTE OXIGENADA,9296,A
2022,2,BOGOTA D.C.,BOGOTA  D.C.,TEXACO,GASOLINA EXTRA OXIGENADA,15899,A
2022,2,BOGOTA D.C.,BOGOTA  D.C.,OCTANO,BIODIESEL EXTRA,9230,A
2022,2,BOGOTA D.C.,BOGOTA  D.C.,OCTANO,GASOLINA CORRIENTE OXIGENADA,9191,A
2022,2,BOGOTA D.C.,BOGOTA  D.C.,BIOMAX,BIODIESEL EXTRA,8899,A
2022,2,BOGOTA D.C.,BOGOTA  D.C.,BIOMAX,GASOLINA CORRIENTE OXIGENADA,8899,A
2022,2,BOGOTA D.C.,BOGOTA  D.C.,MOBIL,BIODIESEL EXTRA,9170,A
2022,2,BOGOTA D.C.,BOGOTA  D.C.,MOBIL,GASOLINA CORRIENTE OXIGENADA,9370,A
2022,2,BOGOTA D.C.,BOGOTA  D.C.,TEXACO,GASOLINA CORRIENTE OXIGENADA,9365,A
2022,2,BOGOTA D.C.,BOGOTA  D.C.,TEXACO,BIODIESEL EXTRA,9140,A
2022,2,BOGOTA D.C.,BOGOTA  D.C.,MOBIL,BIODIESEL EXTRA,8756,A
2022,2,BOGOTA D.C.,BOGOTA  D.C.,MOBIL,GASOLINA CORRIENTE OXIGENADA,9068,A
2022,2,BOGOTA D.C.,BOGOTA  D.C.,TERPEL,BIODIESEL EXTRA,8880,A
2022,2,BOGOTA D.C.,BOGOTA  D.C.,TERPEL,GASOLINA CORRIENTE OXIGENADA,9030,A
2022,2,BOGOTA D.C.,BOGOTA  D.C.,PETROBRAS,GASOLINA CORRIENTE OXIGENADA,8759,A
2022,2,BOGOTA D.C.,BOGOTA  D.C.,PETROBRAS,GASOLINA EXTRA OXIGENADA,15279,A
2022,2,BOGOTA D.C.,BOGOTA  D.C.,PETROBRAS,BIODIESEL EXTRA,8679,A
2022,2,BOGOTA D.C.,BOGOTA  D.C.,MOBIL,BIODIESEL EXTRA,9152,A
2022,2,BOGOTA D.C.,BOGOTA  D.C.,MOBIL,GASOLINA EXTRA OXIGENADA,16299,A
2022,2,BOGOTA D.C.,BOGOTA  D.C.,MOBIL,GASOLINA CORRIENTE OXIGENADA,9372,A
2022,2,BOGOTA D.C.,BOGOTA  D.C.,MOBIL,GASOLINA EXTRA OXIGENADA,10380,A
2022,2,BOGOTA D.C.,BOGOTA  D.C.,MOBIL,GASOLINA CORRIENTE OXIGENADA,9370,A
2022,2,BOGOTA D.C.,BOGOTA  D.C.,MOBIL,BIODIESEL EXTRA,9160,A
2022,2,BOGOTA D.C.,BOGOTA  D.C.,MOBIL,GASOLINA CORRIENTE OXIGENADA,9370,A
2022,2,BOGOTA D.C.,BOGOTA  D.C.,MOBIL,BIODIESEL EXTRA,9160,A
2022,2,BOGOTA D.C.,BOGOTA  D.C.,MOBIL,GASOLINA EXTRA OXIGENADA,10380,A
2022,2,BOGOTA D.C.,BOGOTA  D.C.,MOBIL,BIODIESEL EXTRA,9300,A
2022,2,BOGOTA D.C.,BOGOTA  D.C.,MOBIL,GASOLINA CORRIENTE OXIGENADA,9375,A
2022,2,BOGOTA D.C.,BOGOTA  D.C.,MOBIL,GASOLINA EXTRA OXIGENADA,16400,A
2022,2,BOGOTA D.C.,BOGOTA  D.C.,MOBIL,GASOLINA CORRIENTE OXIGENADA,9420,A
2022,2,BOGOTA D.C.,BOGOTA  D.C.,MOBIL,BIODIESEL EXTRA,9340,A
2022,2,BOGOTA D.C.,BOGOTA  D.C.,TEXACO,BIODIESEL EXTRA,9990,A
2022,2,BOGOTA D.C.,BOGOTA  D.C.,TEXACO,GASOLINA CORRIENTE OXIGENADA,9990,A
2022,2,BOGOTA D.C.,BOGOTA  D.C.,TEXACO,GASOLINA EXTRA OXIGENADA,16900,A
2022,2,BOGOTA D.C.,BOGOTA  D.C.,TEXACO,GASOLINA EXTRA OXIGENADA,17170,A
2022,2,BOGOTA D.C.,BOGOTA  D.C.,TEXACO,BIODIESEL EXTRA,9310,A
2022,2,BOGOTA D.C.,BOGOTA  D.C.,TEXACO,GASOLINA EXTRA OXIGENADA,17580,A
2022,2,BOGOTA D.C.,BOGOTA  D.C.,TEXACO,GASOLINA CORRIENTE OXIGENADA,9430,A
2022,2,BOGOTA D.C.,BOGOTA  D.C.,TEXACO,GASOLINA EXTRA OXIGENADA,17580,A
2022,2,BOGOTA D.C.,BOGOTA  D.C.,TEXACO,BIODIESEL EXTRA,9290,A
2022,2,BOGOTA D.C.,BOGOTA  D.C.,TEXACO,GASOLINA CORRIENTE OXIGENADA,9430,A
2022,2,BOGOTA D.C.,BOGOTA  D.C.,TEXACO,BIODIESEL EXTRA,9310,A
2022,2,BOGOTA D.C.,BOGOTA  D.C.,TEXACO,GASOLINA CORRIENTE OXIGENADA,9430,A
2022,2,BOGOTA D.C.,BOGOTA  D.C.,MOBIL,GASOLINA CORRIENTE OXIGENADA,9430,A
2022,2,BOGOTA D.C.,BOGOTA  D.C.,MOBIL,BIODIESEL EXTRA,9180,A
2022,2,BOGOTA D.C.,BOGOTA  D.C.,MOBIL,GASOLINA EXTRA OXIGENADA,16690,A
2022,2,BOGOTA D.C.,BOGOTA  D.C.,MOBIL,BIODIESEL EXTRA,9050,A
2022,2,BOGOTA D.C.,BOGOTA  D.C.,MOBIL,GASOLINA CORRIENTE OXIGENADA,9170,A
2022,2,BOGOTA D.C.,BOGOTA  D.C.,TERPEL,GASOLINA CORRIENTE OXIGENADA,9070,A
2022,2,BOGOTA D.C.,BOGOTA  D.C.,TERPEL,BIODIESEL EXTRA,8750,A
2022,2,BOGOTA D.C.,BOGOTA  D.C.,BIOMAX,GASOLINA CORRIENTE OXIGENADA,9470,A
2022,2,BOGOTA D.C.,BOGOTA  D.C.,BIOMAX,BIODIESEL EXTRA,9130,A
2022,2,BOGOTA D.C.,BOGOTA  D.C.,BIOMAX,GASOLINA EXTRA OXIGENADA,9890,A
2022,2,BOGOTA D.C.,BOGOTA  D.C.,MOBIL,GASOLINA EXTRA OXIGENADA,16752,A
2022,2,BOGOTA D.C.,BOGOTA  D.C.,MOBIL,BIODIESEL EXTRA,9140,A
2022,2,BOGOTA D.C.,BOGOTA  D.C.,MOBIL,GASOLINA CORRIENTE OXIGENADA,9365,A
2022,2,BOGOTA D.C.,BOGOTA  D.C.,TERPEL,BIODIESEL EXTRA,9022,A
2022,2,BOGOTA D.C.,BOGOTA  D.C.,TERPEL,GASOLINA EXTRA OXIGENADA,9372,A
2022,2,BOGOTA D.C.,BOGOTA  D.C.,TERPEL,GASOLINA CORRIENTE OXIGENADA,9372,A
2022,2,BOGOTA D.C.,BOGOTA  D.C.,TERPEL,BIODIESEL EXTRA,9152,A
2022,2,BOGOTA D.C.,BOGOTA  D.C.,PUMA,BIODIESEL EXTRA,9170,A
2022,2,BOGOTA D.C.,BOGOTA  D.C.,PUMA,GASOLINA CORRIENTE OXIGENADA,9370,A
2022,2,BOGOTA D.C.,BOGOTA  D.C.,PETROBRAS,GASOLINA CORRIENTE OXIGENADA,9349,A
2022,2,BOGOTA D.C.,BOGOTA  D.C.,PETROBRAS,BIODIESEL EXTRA,9139,A
2022,2,BOGOTA D.C.,BOGOTA  D.C.,MOBIL,GASOLINA EXTRA OXIGENADA,16950,A
2022,2,BOGOTA D.C.,BOGOTA  D.C.,MOBIL,GASOLINA CORRIENTE OXIGENADA,9470,A
2022,2,BOGOTA D.C.,BOGOTA  D.C.,MOBIL,GASOLINA CORRIENTE OXIGENADA,9500,A
2022,2,BOGOTA D.C.,BOGOTA  D.C.,MOBIL,BIODIESEL EXTRA,9000,A
2022,2,BOGOTA D.C.,BOGOTA  D.C.,MOBIL,BIODIESEL EXTRA,10260,A
2022,2,BOGOTA D.C.,BOGOTA  D.C.,MOBIL,GASOLINA EXTRA OXIGENADA,16000,A
2022,2,BOGOTA D.C.,BOGOTA  D.C.,BIOMAX,BIODIESEL EXTRA,9097,A
2022,2,BOGOTA D.C.,BOGOTA  D.C.,BIOMAX,GASOLINA CORRIENTE OXIGENADA,9186,A
2022,2,BOGOTA D.C.,BOGOTA  D.C.,TERPEL,BIODIESEL EXTRA,8850,A
2022,2,BOGOTA D.C.,BOGOTA  D.C.,TERPEL,GASOLINA CORRIENTE OXIGENADA,9030,A
2022,2,BOGOTA D.C.,BOGOTA  D.C.,TERPEL,GASOLINA EXTRA OXIGENADA,15980,A
2022,2,BOGOTA D.C.,BOGOTA  D.C.,TERPEL,GASOLINA CORRIENTE OXIGENADA,9512,A
2022,2,BOGOTA D.C.,BOGOTA  D.C.,TERPEL,BIODIESEL EXTRA,9360,A
2022,2,BOGOTA D.C.,BOGOTA  D.C.,TERPEL,GASOLINA CORRIENTE OXIGENADA,8720,A
2022,2,BOGOTA D.C.,BOGOTA  D.C.,TERPEL,BIODIESEL EXTRA,8590,A
2022,2,BOGOTA D.C.,BOGOTA  D.C.,TERPEL,BIODIESEL EXTRA,8890,A
2022,2,BOGOTA D.C.,BOGOTA  D.C.,TERPEL,GASOLINA CORRIENTE OXIGENADA,8849,A
2022,2,BOGOTA D.C.,BOGOTA  D.C.,TERPEL,BIODIESEL EXTRA,8669,A
2022,2,BOGOTA D.C.,BOGOTA  D.C.,TERPEL,BIODIESEL EXTRA,8690,A
2022,2,BOGOTA D.C.,BOGOTA  D.C.,TERPEL,GASOLINA EXTRA OXIGENADA,16330,A
2022,2,BOGOTA D.C.,BOGOTA  D.C.,TERPEL,GASOLINA CORRIENTE OXIGENADA,8760,A
2022,2,BOGOTA D.C.,BOGOTA  D.C.,BIOMAX,BIODIESEL EXTRA,9350,A
2022,2,BOGOTA D.C.,BOGOTA  D.C.,BIOMAX,GASOLINA CORRIENTE OXIGENADA,9530,A
2022,2,BOGOTA D.C.,BOGOTA  D.C.,TERPEL,BIODIESEL EXTRA,9015,A
2022,2,BOGOTA D.C.,BOGOTA  D.C.,TERPEL,GASOLINA CORRIENTE OXIGENADA,9191,A
2022,2,BOGOTA D.C.,BOGOTA  D.C.,MOBIL,GASOLINA EXTRA OXIGENADA,16000,A
2022,2,BOGOTA D.C.,BOGOTA  D.C.,MOBIL,GASOLINA CORRIENTE OXIGENADA,9367,A
2022,2,BOGOTA D.C.,BOGOTA  D.C.,MOBIL,BIODIESEL EXTRA,9145,A
2022,2,BOGOTA D.C.,BOGOTA  D.C.,TEXACO,BIODIESEL EXTRA,9035,A
2022,2,BOGOTA D.C.,BOGOTA  D.C.,TEXACO,GASOLINA CORRIENTE OXIGENADA,9215,A
2022,2,BOGOTA D.C.,BOGOTA  D.C.,TEXACO,GASOLINA CORRIENTE OXIGENADA,9020,A
2022,2,BOGOTA D.C.,BOGOTA  D.C.,TEXACO,BIODIESEL EXTRA,9315,A
2022,2,BOGOTA D.C.,BOGOTA  D.C.,TEXACO,GASOLINA EXTRA OXIGENADA,16499,A
2022,2,BOGOTA D.C.,BOGOTA  D.C.,MOBIL,GASOLINA CORRIENTE OXIGENADA,9510,A
2022,2,BOGOTA D.C.,BOGOTA  D.C.,MOBIL,GASOLINA EXTRA OXIGENADA,17460,A
2022,2,BOGOTA D.C.,BOGOTA  D.C.,MOBIL,GASOLINA CORRIENTE OXIGENADA,9490,A
2022,2,BOGOTA D.C.,BOGOTA  D.C.,MOBIL,BIODIESEL EXTRA,9190,A
2022,2,BOGOTA D.C.,BOGOTA  D.C.,MOBIL,BIODIESEL EXTRA,9190,A
2022,2,BOGOTA D.C.,BOGOTA  D.C.,MOBIL,BIODIESEL EXTRA,9190,A
2022,2,BOGOTA D.C.,BOGOTA  D.C.,MOBIL,GASOLINA EXTRA OXIGENADA,17060,A
2022,2,BOGOTA D.C.,BOGOTA  D.C.,MOBIL,GASOLINA EXTRA OXIGENADA,17460,A
2022,2,BOGOTA D.C.,BOGOTA  D.C.,MOBIL,GASOLINA CORRIENTE OXIGENADA,9510,A
2022,2,BOGOTA D.C.,BOGOTA  D.C.,MOBIL,GASOLINA CORRIENTE OXIGENADA,9490,A
2022,2,BOGOTA D.C.,BOGOTA  D.C.,MOBIL,BIODIESEL EXTRA,9240,A
2022,2,BOGOTA D.C.,BOGOTA  D.C.,MOBIL,GASOLINA EXTRA OXIGENADA,17130,A
2022,2,BOGOTA D.C.,BOGOTA  D.C.,MOBIL,GASOLINA CORRIENTE OXIGENADA,9163,A
2022,2,BOGOTA D.C.,BOGOTA  D.C.,MOBIL,BIODIESEL EXTRA,9163,A
2022,2,BOGOTA D.C.,BOGOTA  D.C.,MOBIL,GASOLINA EXTRA OXIGENADA,16390,A
2022,2,BOGOTA D.C.,BOGOTA  D.C.,MOBIL,GASOLINA CORRIENTE OXIGENADA,9330,A
2022,2,BOGOTA D.C.,BOGOTA  D.C.,MOBIL,BIODIESEL EXTRA,10790,A
2022,2,BOGOTA D.C.,BOGOTA  D.C.,MOBIL,GASOLINA EXTRA OXIGENADA,17530,A
2022,2,BOGOTA D.C.,BOGOTA  D.C.,MOBIL,GASOLINA EXTRA OXIGENADA,17130,A
2022,2,BOGOTA D.C.,BOGOTA  D.C.,MOBIL,BIODIESEL EXTRA,10800,A
2022,2,BOGOTA D.C.,BOGOTA  D.C.,MOBIL,BIODIESEL EXTRA,10800,A
2022,2,BOGOTA D.C.,BOGOTA  D.C.,MOBIL,GASOLINA CORRIENTE OXIGENADA,9290,A
2022,2,BOGOTA D.C.,BOGOTA  D.C.,MOBIL,GASOLINA EXTRA OXIGENADA,17530,A
2022,2,BOGOTA D.C.,BOGOTA  D.C.,MOBIL,GASOLINA CORRIENTE OXIGENADA,9330,A
2022,2,BOGOTA D.C.,BOGOTA  D.C.,BIOMAX,GASOLINA CORRIENTE OXIGENADA,9380,A
2022,2,BOGOTA D.C.,BOGOTA  D.C.,BIOMAX,GASOLINA EXTRA OXIGENADA,16890,A
2022,2,BOGOTA D.C.,BOGOTA  D.C.,BIOMAX,BIODIESEL EXTRA,9140,A
2022,2,BOGOTA D.C.,BOGOTA  D.C.,BIOMAX,GASOLINA CORRIENTE OXIGENADA,9380,A
2022,2,BOGOTA D.C.,BOGOTA  D.C.,BIOMAX,GASOLINA EXTRA OXIGENADA,16510,A
2022,2,BOGOTA D.C.,BOGOTA  D.C.,BIOMAX,BIODIESEL EXTRA,9140,A
2022,2,BOGOTA D.C.,BOGOTA  D.C.,MOBIL,BIODIESEL EXTRA,9280,A
2022,2,BOGOTA D.C.,BOGOTA  D.C.,TEXACO,BIODIESEL EXTRA,9399,A
2022,2,BOGOTA D.C.,BOGOTA  D.C.,TEXACO,GASOLINA EXTRA OXIGENADA,16399,A
2022,2,BOGOTA D.C.,BOGOTA  D.C.,TEXACO,GASOLINA CORRIENTE OXIGENADA,9399,A
2022,2,BOGOTA D.C.,BOGOTA  D.C.,PETROBRAS,GASOLINA CORRIENTE OXIGENADA,9369,A
2022,2,BOGOTA D.C.,BOGOTA  D.C.,PETROBRAS,BIODIESEL EXTRA,9147,A
2022,2,BOGOTA D.C.,BOGOTA  D.C.,BIOMAX,BIODIESEL EXTRA,8990,A
2022,2,BOGOTA D.C.,BOGOTA  D.C.,BIOMAX,GASOLINA EXTRA OXIGENADA,15550,A
2022,2,BOGOTA D.C.,BOGOTA  D.C.,BIOMAX,GASOLINA CORRIENTE OXIGENADA,8970,A
2022,2,BOGOTA D.C.,BOGOTA  D.C.,TEXACO,BIODIESEL EXTRA,9180,A
2022,2,BOGOTA D.C.,BOGOTA  D.C.,TEXACO,GASOLINA CORRIENTE OXIGENADA,9390,A
2022,2,BOGOTA D.C.,BOGOTA  D.C.,PETROBRAS,GASOLINA EXTRA OXIGENADA,16241,A
2022,2,BOGOTA D.C.,BOGOTA  D.C.,PETROBRAS,BIODIESEL EXTRA,9151,A
2022,2,BOGOTA D.C.,BOGOTA  D.C.,PETROBRAS,GASOLINA CORRIENTE OXIGENADA,9372,A
2022,2,BOGOTA D.C.,BOGOTA  D.C.,PETROBRAS,GASOLINA CORRIENTE OXIGENADA,9382,A
2022,2,BOGOTA D.C.,BOGOTA  D.C.,PETROBRAS,BIODIESEL EXTRA,9162,A
2022,2,BOGOTA D.C.,BOGOTA  D.C.,BIOMAX,BIODIESEL EXTRA,9104,A
2022,2,BOGOTA D.C.,BOGOTA  D.C.,BIOMAX,BIODIESEL EXTRA,9144,A
2022,2,BOGOTA D.C.,BOGOTA  D.C.,BIOMAX,GASOLINA CORRIENTE OXIGENADA,9335,A
2022,2,BOGOTA D.C.,BOGOTA  D.C.,BIOMAX,GASOLINA CORRIENTE OXIGENADA,9375,A
2022,2,BOGOTA D.C.,BOGOTA  D.C.,MOBIL,GASOLINA CORRIENTE OXIGENADA,9372,A
2022,2,BOGOTA D.C.,BOGOTA  D.C.,MOBIL,BIODIESEL EXTRA,9152,A
2022,2,BOGOTA D.C.,BOGOTA  D.C.,TERPEL,GASOLINA CORRIENTE OXIGENADA,8990,A
2022,2,BOGOTA D.C.,BOGOTA  D.C.,TERPEL,GASOLINA CORRIENTE OXIGENADA,9170,A
2022,2,BOGOTA D.C.,BOGOTA  D.C.,TERPEL,GASOLINA CORRIENTE OXIGENADA,9170,A
2022,2,BOGOTA D.C.,BOGOTA  D.C.,TERPEL,GASOLINA CORRIENTE OXIGENADA,9170,A
2022,2,BOGOTA D.C.,BOGOTA  D.C.,TERPEL,GASOLINA CORRIENTE OXIGENADA,9170,A
2022,2,BOGOTA D.C.,BOGOTA  D.C.,TERPEL,GASOLINA CORRIENTE OXIGENADA,8990,A
2022,2,BOGOTA D.C.,BOGOTA  D.C.,TERPEL,GASOLINA CORRIENTE OXIGENADA,8970,A
2022,2,BOGOTA D.C.,BOGOTA  D.C.,TERPEL,GASOLINA CORRIENTE OXIGENADA,9170,A
2022,2,BOGOTA D.C.,BOGOTA  D.C.,TERPEL,BIODIESEL EXTRA,8959,A
2022,2,BOGOTA D.C.,BOGOTA  D.C.,TERPEL,BIODIESEL EXTRA,9110,A
2022,2,BOGOTA D.C.,BOGOTA  D.C.,TERPEL,GASOLINA CORRIENTE OXIGENADA,8990,A
2022,2,BOGOTA D.C.,BOGOTA  D.C.,BIOMAX,BIODIESEL EXTRA,9230,A
2022,2,BOGOTA D.C.,BOGOTA  D.C.,TERPEL,GASOLINA CORRIENTE OXIGENADA,9088,A
2022,2,BOGOTA D.C.,BOGOTA  D.C.,TERPEL,BIODIESEL EXTRA,9110,A
2022,2,BOGOTA D.C.,BOGOTA  D.C.,TERPEL,BIODIESEL EXTRA,9110,A
2022,2,BOGOTA D.C.,BOGOTA  D.C.,TERPEL,BIODIESEL EXTRA,9110,A
2022,2,BOGOTA D.C.,BOGOTA  D.C.,TERPEL,GASOLINA CORRIENTE OXIGENADA,8990,A
2022,2,BOGOTA D.C.,BOGOTA  D.C.,TERPEL,GASOLINA CORRIENTE OXIGENADA,9190,A
2022,2,BOGOTA D.C.,BOGOTA  D.C.,TERPEL,GASOLINA CORRIENTE OXIGENADA,9088,A
2022,2,BOGOTA D.C.,BOGOTA  D.C.,TERPEL,BIODIESEL EXTRA,9110,A
2022,2,BOGOTA D.C.,BOGOTA  D.C.,TERPEL,GASOLINA CORRIENTE OXIGENADA,9088,A
2022,2,BOGOTA D.C.,BOGOTA  D.C.,TERPEL,BIODIESEL EXTRA,9110,A
2022,2,BOGOTA D.C.,BOGOTA  D.C.,TERPEL,GASOLINA CORRIENTE OXIGENADA,8790,A
2022,2,BOGOTA D.C.,BOGOTA  D.C.,TERPEL,GASOLINA CORRIENTE OXIGENADA,9070,A
2022,2,BOGOTA D.C.,BOGOTA  D.C.,TERPEL,GASOLINA EXTRA OXIGENADA,15820,A
2022,2,BOGOTA D.C.,BOGOTA  D.C.,TERPEL,GASOLINA CORRIENTE OXIGENADA,9070,A
2022,2,BOGOTA D.C.,BOGOTA  D.C.,TERPEL,GASOLINA CORRIENTE OXIGENADA,9070,A
2022,2,BOGOTA D.C.,BOGOTA  D.C.,TERPEL,BIODIESEL EXTRA,8990,A
2022,2,BOGOTA D.C.,BOGOTA  D.C.,TERPEL,BIODIESEL EXTRA,8910,A
2022,2,BOGOTA D.C.,BOGOTA  D.C.,TERPEL,GASOLINA EXTRA OXIGENADA,16090,A
2022,2,BOGOTA D.C.,BOGOTA  D.C.,TERPEL,BIODIESEL EXTRA,8910,A
2022,2,BOGOTA D.C.,BOGOTA  D.C.,TERPEL,GASOLINA EXTRA OXIGENADA,16190,A
2022,2,BOGOTA D.C.,BOGOTA  D.C.,TERPEL,GASOLINA CORRIENTE OXIGENADA,9170,A
2022,2,BOGOTA D.C.,BOGOTA  D.C.,TERPEL,BIODIESEL EXTRA,8990,A
2022,2,BOGOTA D.C.,BOGOTA  D.C.,TERPEL,GASOLINA EXTRA OXIGENADA,16190,A
2022,2,BOGOTA D.C.,BOGOTA  D.C.,TERPEL,GASOLINA CORRIENTE OXIGENADA,9170,A
2022,2,BOGOTA D.C.,BOGOTA  D.C.,TERPEL,BIODIESEL EXTRA,8830,A
2022,2,BOGOTA D.C.,BOGOTA  D.C.,TERPEL,GASOLINA CORRIENTE OXIGENADA,8990,A
2022,2,BOGOTA D.C.,BOGOTA  D.C.,TERPEL,GASOLINA CORRIENTE OXIGENADA,9170,A
2022,2,BOGOTA D.C.,BOGOTA  D.C.,TERPEL,BIODIESEL EXTRA,8830,A
2022,2,BOGOTA D.C.,BOGOTA  D.C.,TERPEL,GASOLINA CORRIENTE OXIGENADA,8990,A
2022,2,BOGOTA D.C.,BOGOTA  D.C.,TERPEL,BIODIESEL EXTRA,8830,A
2022,2,BOGOTA D.C.,BOGOTA  D.C.,TERPEL,BIODIESEL EXTRA,8830,A
2022,2,BOGOTA D.C.,BOGOTA  D.C.,BIOMAX,BIODIESEL EXTRA,9260,A
2022,2,BOGOTA D.C.,BOGOTA  D.C.,BIOMAX,GASOLINA CORRIENTE OXIGENADA,9380,A
2022,2,BOGOTA D.C.,BOGOTA  D.C.,BIOMAX,GASOLINA EXTRA OXIGENADA,16290,A
2022,2,BOGOTA D.C.,BOGOTA  D.C.,BIOMAX,BIODIESEL EXTRA,9260,A
2022,2,BOGOTA D.C.,BOGOTA  D.C.,BIOMAX,GASOLINA EXTRA OXIGENADA,16590,A
2022,2,BOGOTA D.C.,BOGOTA  D.C.,BIOMAX,GASOLINA CORRIENTE OXIGENADA,9380,A
2022,2,BOGOTA D.C.,BOGOTA  D.C.,TERPEL,GASOLINA CORRIENTE OXIGENADA,9172,A
2022,2,BOGOTA D.C.,BOGOTA  D.C.,TERPEL,BIODIESEL EXTRA,8952,A
2022,2,BOGOTA D.C.,BOGOTA  D.C.,TERPEL,GASOLINA CORRIENTE OXIGENADA,8848,A
2022,2,BOGOTA D.C.,BOGOTA  D.C.,TERPEL,BIODIESEL EXTRA,8684,A
2022,2,BOGOTA D.C.,BOGOTA  D.C.,MOBIL,GASOLINA CORRIENTE OXIGENADA,8595,A
2022,2,BOGOTA D.C.,BOGOTA  D.C.,MOBIL,BIODIESEL EXTRA,8080,A
2022,2,BOGOTA D.C.,BOGOTA  D.C.,MOBIL,GASOLINA EXTRA OXIGENADA,16650,A
2022,2,BOGOTA D.C.,BOGOTA  D.C.,MOBIL,GASOLINA CORRIENTE OXIGENADA,9170,A
2022,2,BOGOTA D.C.,BOGOTA  D.C.,PETROBRAS,GASOLINA EXTRA OXIGENADA,16290,A
2022,2,BOGOTA D.C.,BOGOTA  D.C.,PETROBRAS,BIODIESEL EXTRA,9680,A
2022,2,BOGOTA D.C.,BOGOTA  D.C.,PETROBRAS,GASOLINA CORRIENTE OXIGENADA,8780,A
2022,2,BOGOTA D.C.,BOGOTA  D.C.,PETROBRAS,GASOLINA EXTRA OXIGENADA,16890,A
2022,2,BOGOTA D.C.,BOGOTA  D.C.,PETROBRAS,BIODIESEL EXTRA,8680,A
2022,2,BOGOTA D.C.,BOGOTA  D.C.,PETROBRAS,GASOLINA CORRIENTE OXIGENADA,8790,A
2022,2,BOGOTA D.C.,BOGOTA  D.C.,TERPEL,GASOLINA CORRIENTE OXIGENADA,8839,A
2022,2,BOGOTA D.C.,BOGOTA  D.C.,TERPEL,BIODIESEL EXTRA,8849,A
2022,2,BOGOTA D.C.,BOGOTA  D.C.,TERPEL,GASOLINA EXTRA OXIGENADA,15910,A
2022,2,BOGOTA D.C.,BOGOTA  D.C.,PETROBRAS,GASOLINA EXTRA OXIGENADA,16580,A
2022,2,BOGOTA D.C.,BOGOTA  D.C.,PETROBRAS,BIODIESEL EXTRA,8980,A
2022,2,BOGOTA D.C.,BOGOTA  D.C.,PETROBRAS,GASOLINA CORRIENTE OXIGENADA,9430,A
2022,2,BOGOTA D.C.,BOGOTA  D.C.,BIOMAX,BIODIESEL EXTRA,8959,A
2022,2,BOGOTA D.C.,BOGOTA  D.C.,BIOMAX,GASOLINA CORRIENTE OXIGENADA,9084,A
2022,2,BOGOTA D.C.,BOGOTA  D.C.,BIOMAX,GASOLINA CORRIENTE OXIGENADA,8908,A
2022,2,BOGOTA D.C.,BOGOTA  D.C.,BIOMAX,BIODIESEL EXTRA,8538,A
2022,2,BOGOTA D.C.,BOGOTA  D.C.,OCTANO,GASOLINA CORRIENTE OXIGENADA,9299,A
2022,2,BOGOTA D.C.,BOGOTA  D.C.,OCTANO,BIODIESEL EXTRA,9195,A
2022,2,BOGOTA D.C.,BOGOTA  D.C.,TERPEL,GASOLINA CORRIENTE OXIGENADA,9190,A
2022,2,BOGOTA D.C.,BOGOTA  D.C.,TERPEL,BIODIESEL EXTRA,8910,A
2022,2,BOGOTA D.C.,BOGOTA  D.C.,TERPEL,GASOLINA CORRIENTE OXIGENADA,9108,A
2022,2,BOGOTA D.C.,BOGOTA  D.C.,TERPEL,GASOLINA CORRIENTE OXIGENADA,8990,A
2022,2,BOGOTA D.C.,BOGOTA  D.C.,TERPEL,BIODIESEL EXTRA,8910,A
2022,2,BOGOTA D.C.,BOGOTA  D.C.,TERPEL,BIODIESEL EXTRA,8910,A
2022,2,BOGOTA D.C.,BOGOTA  D.C.,TERPEL,GASOLINA CORRIENTE OXIGENADA,9108,A
2022,2,BOGOTA D.C.,BOGOTA  D.C.,TERPEL,GASOLINA CORRIENTE OXIGENADA,9108,A
2022,2,BOGOTA D.C.,BOGOTA  D.C.,TERPEL,BIODIESEL EXTRA,8910,A
2022,2,BOGOTA D.C.,BOGOTA  D.C.,TERPEL,BIODIESEL EXTRA,8910,A
2022,2,BOGOTA D.C.,BOGOTA  D.C.,PETROBRAS,BIODIESEL EXTRA,8869,A
2022,2,BOGOTA D.C.,BOGOTA  D.C.,PETROBRAS,GASOLINA CORRIENTE OXIGENADA,9019,A
2022,2,BOGOTA D.C.,BOGOTA  D.C.,PUMA,BIODIESEL EXTRA,8590,A
2022,2,BOGOTA D.C.,BOGOTA  D.C.,PUMA,GASOLINA CORRIENTE OXIGENADA,8770,A
2022,2,BOGOTA D.C.,BOGOTA  D.C.,PUMA,GASOLINA EXTRA OXIGENADA,12000,A
2022,2,BOGOTA D.C.,BOGOTA  D.C.,PETROBRAS,GASOLINA EXTRA OXIGENADA,17390,A
2022,2,BOGOTA D.C.,BOGOTA  D.C.,PETROBRAS,BIODIESEL EXTRA,9490,A
2022,2,BOGOTA D.C.,BOGOTA  D.C.,PETROBRAS,GASOLINA CORRIENTE OXIGENADA,9760,A
2022,2,BOGOTA D.C.,BOGOTA  D.C.,PETROBRAS,GASOLINA EXTRA OXIGENADA,15400,A
2022,2,BOGOTA D.C.,BOGOTA  D.C.,PETROBRAS,GASOLINA CORRIENTE OXIGENADA,9360,A
2022,2,BOGOTA D.C.,BOGOTA  D.C.,PETROBRAS,BIODIESEL EXTRA,9140,A
2022,2,BOGOTA D.C.,BOGOTA  D.C.,TERPEL,GASOLINA CORRIENTE OXIGENADA,8709,A
2022,2,BOGOTA D.C.,BOGOTA  D.C.,TERPEL,BIODIESEL EXTRA,8589,A
2022,2,BOGOTA D.C.,BOGOTA  D.C.,TERPEL,BIODIESEL EXTRA,8579,A
2022,2,BOGOTA D.C.,BOGOTA  D.C.,TERPEL,GASOLINA CORRIENTE OXIGENADA,8729,A
2022,2,BOGOTA D.C.,BOGOTA  D.C.,TERPEL,GASOLINA CORRIENTE OXIGENADA,9190,A
2022,2,BOGOTA D.C.,BOGOTA  D.C.,TERPEL,BIODIESEL EXTRA,9229,A
2022,2,BOGOTA D.C.,BOGOTA  D.C.,BIOMAX,GASOLINA EXTRA OXIGENADA,16370,A
2022,2,BOGOTA D.C.,BOGOTA  D.C.,BIOMAX,GASOLINA CORRIENTE OXIGENADA,9190,A
2022,2,BOGOTA D.C.,BOGOTA  D.C.,BIOMAX,BIODIESEL EXTRA,8970,A
2022,2,BOGOTA D.C.,BOGOTA  D.C.,TEXACO,GASOLINA CORRIENTE OXIGENADA,9480,A
2022,2,BOGOTA D.C.,BOGOTA  D.C.,TEXACO,BIODIESEL EXTRA,9290,A
2022,2,BOGOTA D.C.,BOGOTA  D.C.,ESSO,GASOLINA CORRIENTE OXIGENADA,9299,A
2022,2,BOGOTA D.C.,BOGOTA  D.C.,ESSO,BIODIESEL EXTRA,8990,A
2022,2,BOGOTA D.C.,BOGOTA  D.C.,BIOMAX,BIODIESEL EXTRA,9197,A
2022,2,BOGOTA D.C.,BOGOTA  D.C.,BIOMAX,GASOLINA CORRIENTE OXIGENADA,9318,A
2022,2,BOGOTA D.C.,BOGOTA  D.C.,TEXACO,BIODIESEL EXTRA,9148,A
2022,2,BOGOTA D.C.,BOGOTA  D.C.,TEXACO,GASOLINA CORRIENTE OXIGENADA,9317,A
2022,2,BOGOTA D.C.,BOGOTA  D.C.,OCTANO,GASOLINA CORRIENTE OXIGENADA,9299,A
2022,2,BOGOTA D.C.,BOGOTA  D.C.,OCTANO,BIODIESEL EXTRA,8990,A
2022,2,BOGOTA D.C.,BOGOTA  D.C.,ESSO,GASOLINA EXTRA OXIGENADA,16200,A
2022,2,BOGOTA D.C.,BOGOTA  D.C.,ESSO,GASOLINA CORRIENTE OXIGENADA,9500,A
2022,2,BOGOTA D.C.,BOGOTA  D.C.,ESSO,BIODIESEL EXTRA,9000,A
2022,2,BOGOTA D.C.,BOGOTA  D.C.,TERPEL,GASOLINA EXTRA OXIGENADA,16490,A
2022,2,BOGOTA D.C.,BOGOTA  D.C.,TERPEL,GASOLINA CORRIENTE OXIGENADA,9390,A
2022,2,BOGOTA D.C.,BOGOTA  D.C.,TERPEL,BIODIESEL EXTRA,9190,A
2022,2,BOGOTA D.C.,BOGOTA  D.C.,ZEUSS,GASOLINA CORRIENTE OXIGENADA,9036,A
2022,2,BOGOTA D.C.,BOGOTA  D.C.,ZEUSS,BIODIESEL EXTRA,8889,A
2022,2,BOGOTA D.C.,BOGOTA  D.C.,MOBIL,GASOLINA CORRIENTE OXIGENADA,8669,A
2022,2,BOGOTA D.C.,BOGOTA  D.C.,MOBIL,BIODIESEL EXTRA,8559,A
2022,2,BOGOTA D.C.,BOGOTA  D.C.,PETROBRAS,GASOLINA CORRIENTE OXIGENADA,8729,A
2022,2,BOGOTA D.C.,BOGOTA  D.C.,PETROBRAS,BIODIESEL EXTRA,8589,A
2022,2,BOGOTA D.C.,BOGOTA  D.C.,PETROBRAS,BIODIESEL EXTRA,9150,A
2022,2,BOGOTA D.C.,BOGOTA  D.C.,BIOMAX,BIODIESEL EXTRA,9230,A
2022,2,BOGOTA D.C.,BOGOTA  D.C.,PETROBRAS,GASOLINA EXTRA OXIGENADA,15380,A
2022,2,BOGOTA D.C.,BOGOTA  D.C.,PETROBRAS,GASOLINA CORRIENTE OXIGENADA,9370,A
2022,2,BOGOTA D.C.,BOGOTA  D.C.,MOBIL,GASOLINA EXTRA OXIGENADA,16150,A
2022,2,BOGOTA D.C.,BOGOTA  D.C.,MOBIL,BIODIESEL EXTRA,8780,A
2022,2,BOGOTA D.C.,BOGOTA  D.C.,MOBIL,GASOLINA CORRIENTE OXIGENADA,8890,A
2022,2,BOGOTA D.C.,BOGOTA  D.C.,PETROBRAS,BIODIESEL EXTRA,9028,A
2022,2,BOGOTA D.C.,BOGOTA  D.C.,PETROBRAS,GASOLINA EXTRA OXIGENADA,9188,A
2022,2,BOGOTA D.C.,BOGOTA  D.C.,PETROBRAS,GASOLINA CORRIENTE OXIGENADA,9188,A
2022,2,BOGOTA D.C.,BOGOTA  D.C.,BIOMAX,GASOLINA CORRIENTE OXIGENADA,9459,A
2022,2,BOGOTA D.C.,BOGOTA  D.C.,BIOMAX,BIODIESEL EXTRA,9084,A
2022,2,BOGOTA D.C.,BOGOTA  D.C.,PETROMIL,GASOLINA EXTRA OXIGENADA,16300,A
2022,2,BOGOTA D.C.,BOGOTA  D.C.,PETROMIL,GASOLINA CORRIENTE OXIGENADA,9350,A
2022,2,BOGOTA D.C.,BOGOTA  D.C.,PETROMIL,GASOLINA EXTRA OXIGENADA,16750,A
2022,2,BOGOTA D.C.,BOGOTA  D.C.,PETROMIL,BIODIESEL EXTRA,9250,A
2022,2,BOGOTA D.C.,BOGOTA  D.C.,PETROMIL,GASOLINA CORRIENTE OXIGENADA,9350,A
2022,2,BOGOTA D.C.,BOGOTA  D.C.,PETROMIL,BIODIESEL EXTRA,9250,A
2022,2,BOGOTA D.C.,BOGOTA  D.C.,PETROBRAS,BIODIESEL EXTRA,8659,A
2022,2,BOGOTA D.C.,BOGOTA  D.C.,PETROBRAS,GASOLINA CORRIENTE OXIGENADA,8849,A
2022,2,BOGOTA D.C.,BOGOTA  D.C.,PUMA,GASOLINA CORRIENTE OXIGENADA,8979,A
2022,2,BOGOTA D.C.,BOGOTA  D.C.,PUMA,BIODIESEL EXTRA,8979,A
2022,2,BOGOTA D.C.,BOGOTA  D.C.,MOBIL,GASOLINA EXTRA OXIGENADA,16400,A
2022,2,BOGOTA D.C.,BOGOTA  D.C.,MOBIL,BIODIESEL EXTRA,9058,A
2022,2,BOGOTA D.C.,BOGOTA  D.C.,MOBIL,GASOLINA CORRIENTE OXIGENADA,9759,A
2022,2,BOGOTA D.C.,BOGOTA  D.C.,TERPEL,BIODIESEL EXTRA,8650,A
2022,2,BOGOTA D.C.,BOGOTA  D.C.,TERPEL,GASOLINA EXTRA OXIGENADA,16150,A
2022,2,BOGOTA D.C.,BOGOTA  D.C.,TERPEL,GASOLINA CORRIENTE OXIGENADA,8850,A
2022,2,BOGOTA D.C.,BOGOTA  D.C.,TERPEL,GASOLINA EXTRA OXIGENADA,16440,A
2022,2,BOGOTA D.C.,BOGOTA  D.C.,TERPEL,BIODIESEL EXTRA,9100,A
2022,2,BOGOTA D.C.,BOGOTA  D.C.,TERPEL,GASOLINA CORRIENTE OXIGENADA,9280,A
2022,2,BOGOTA D.C.,BOGOTA  D.C.,BIOMAX,BIODIESEL EXTRA,9240,A
2022,2,BOGOTA D.C.,BOGOTA  D.C.,BIOMAX,BIODIESEL EXTRA,9240,A
2022,2,BOGOTA D.C.,BOGOTA  D.C.,BIOMAX,GASOLINA CORRIENTE OXIGENADA,9390,A
2022,2,BOGOTA D.C.,BOGOTA  D.C.,BIOMAX,GASOLINA CORRIENTE OXIGENADA,9380,A
2022,2,BOGOTA D.C.,BOGOTA  D.C.,OCTANO,GASOLINA CORRIENTE OXIGENADA,9120,A
2022,2,BOGOTA D.C.,BOGOTA  D.C.,OCTANO,BIODIESEL EXTRA,8900,A
2022,2,BOGOTA D.C.,BOGOTA  D.C.,MOBIL,BIODIESEL EXTRA,9830,A
2022,2,BOGOTA D.C.,BOGOTA  D.C.,MOBIL,GASOLINA EXTRA OXIGENADA,16650,A
2022,2,BOGOTA D.C.,BOGOTA  D.C.,MOBIL,GASOLINA CORRIENTE OXIGENADA,9130,A
2022,2,BOGOTA D.C.,BOGOTA  D.C.,BIOMAX,BIODIESEL EXTRA,9230,A
2022,2,BOGOTA D.C.,BOGOTA  D.C.,BIOMAX,GASOLINA CORRIENTE OXIGENADA,8979,A
2022,2,BOGOTA D.C.,BOGOTA  D.C.,BIOMAX,BIODIESEL EXTRA,9230,A
2022,2,BOGOTA D.C.,BOGOTA  D.C.,BIOMAX,GASOLINA CORRIENTE OXIGENADA,8979,A
2022,2,BOGOTA D.C.,BOGOTA  D.C.,BIOMAX,GASOLINA CORRIENTE OXIGENADA,8979,A
2022,2,BOGOTA D.C.,BOGOTA  D.C.,BIOMAX,GASOLINA CORRIENTE OXIGENADA,8979,A
2022,2,BOGOTA D.C.,BOGOTA  D.C.,BIOMAX,BIODIESEL EXTRA,9230,A
2022,2,BOGOTA D.C.,BOGOTA  D.C.,BIOMAX,GASOLINA CORRIENTE OXIGENADA,8979,A
2022,2,BOGOTA D.C.,BOGOTA  D.C.,BIOMAX,BIODIESEL EXTRA,9230,A
2022,2,BOGOTA D.C.,BOGOTA  D.C.,BIOMAX,BIODIESEL EXTRA,9230,A
2022,2,BOGOTA D.C.,BOGOTA  D.C.,BIOMAX,GASOLINA CORRIENTE OXIGENADA,8979,A
2022,2,BOGOTA D.C.,BOGOTA  D.C.,BIOMAX,BIODIESEL EXTRA,9230,A
2022,2,BOGOTA D.C.,BOGOTA  D.C.,BIOMAX,BIODIESEL EXTRA,9230,A
2022,2,BOGOTA D.C.,BOGOTA  D.C.,BIOMAX,BIODIESEL EXTRA,9230,A
2022,2,BOGOTA D.C.,BOGOTA  D.C.,BIOMAX,GASOLINA CORRIENTE OXIGENADA,8979,A
2022,2,BOGOTA D.C.,BOGOTA  D.C.,BIOMAX,GASOLINA CORRIENTE OXIGENADA,8979,A
2022,2,BOGOTA D.C.,BOGOTA  D.C.,BIOMAX,BIODIESEL EXTRA,9230,A
2022,2,BOGOTA D.C.,BOGOTA  D.C.,BIOMAX,BIODIESEL EXTRA,9230,A
2022,2,BOGOTA D.C.,BOGOTA  D.C.,BIOMAX,BIODIESEL EXTRA,9230,A
2022,2,BOGOTA D.C.,BOGOTA  D.C.,BIOMAX,BIODIESEL EXTRA,9230,A
2022,2,BOGOTA D.C.,BOGOTA  D.C.,BIOMAX,BIODIESEL EXTRA,9230,A
2022,2,BOGOTA D.C.,BOGOTA  D.C.,BIOMAX,BIODIESEL EXTRA,9230,A
2022,2,BOGOTA D.C.,BOGOTA  D.C.,BIOMAX,BIODIESEL EXTRA,9230,A
2022,2,BOGOTA D.C.,BOGOTA  D.C.,BIOMAX,GASOLINA CORRIENTE OXIGENADA,8979,A
2022,2,BOGOTA D.C.,BOGOTA  D.C.,BIOMAX,GASOLINA CORRIENTE OXIGENADA,8979,A
2022,2,BOGOTA D.C.,BOGOTA  D.C.,BIOMAX,GASOLINA CORRIENTE OXIGENADA,8979,A
2022,2,BOGOTA D.C.,BOGOTA  D.C.,BIOMAX,GASOLINA CORRIENTE OXIGENADA,8979,A
2022,2,BOGOTA D.C.,BOGOTA  D.C.,BIOMAX,GASOLINA CORRIENTE OXIGENADA,8979,A
2022,2,BOGOTA D.C.,BOGOTA  D.C.,BIOMAX,BIODIESEL EXTRA,9230,A
2022,2,BOGOTA D.C.,BOGOTA  D.C.,BIOMAX,BIODIESEL EXTRA,9230,A
2022,2,BOGOTA D.C.,BOGOTA  D.C.,BIOMAX,GASOLINA CORRIENTE OXIGENADA,8979,A
2022,2,BOGOTA D.C.,BOGOTA  D.C.,BIOMAX,GASOLINA CORRIENTE OXIGENADA,8979,A
2022,2,BOGOTA D.C.,BOGOTA  D.C.,BIOMAX,GASOLINA CORRIENTE OXIGENADA,8979,A
2022,2,BOGOTA D.C.,BOGOTA  D.C.,BIOMAX,GASOLINA CORRIENTE OXIGENADA,8979,A
2022,2,BOGOTA D.C.,BOGOTA  D.C.,BIOMAX,GASOLINA CORRIENTE OXIGENADA,8979,A
2022,2,BOGOTA D.C.,BOGOTA  D.C.,BIOMAX,GASOLINA CORRIENTE OXIGENADA,8979,A
2022,2,BOGOTA D.C.,BOGOTA  D.C.,BIOMAX,BIODIESEL EXTRA,9230,A
2022,2,BOGOTA D.C.,BOGOTA  D.C.,BIOMAX,GASOLINA CORRIENTE OXIGENADA,8979,A
2022,2,BOGOTA D.C.,BOGOTA  D.C.,BIOMAX,GASOLINA CORRIENTE OXIGENADA,8979,A
2022,2,BOGOTA D.C.,BOGOTA  D.C.,BIOMAX,BIODIESEL EXTRA,9230,A
2022,2,BOGOTA D.C.,BOGOTA  D.C.,BIOMAX,BIODIESEL EXTRA,9230,A
2022,2,BOGOTA D.C.,BOGOTA  D.C.,BIOMAX,BIODIESEL EXTRA,9230,A
2022,2,BOGOTA D.C.,BOGOTA  D.C.,BIOMAX,BIODIESEL EXTRA,9230,A
2022,2,BOGOTA D.C.,BOGOTA  D.C.,BIOMAX,GASOLINA CORRIENTE OXIGENADA,8979,A
2022,2,BOGOTA D.C.,BOGOTA  D.C.,BIOMAX,GASOLINA CORRIENTE OXIGENADA,8979,A
2022,2,BOGOTA D.C.,BOGOTA  D.C.,BIOMAX,GASOLINA CORRIENTE OXIGENADA,8979,A
2022,2,BOGOTA D.C.,BOGOTA  D.C.,TERPEL,GASOLINA EXTRA OXIGENADA,16030,A
2022,2,BOGOTA D.C.,BOGOTA  D.C.,TERPEL,GASOLINA CORRIENTE OXIGENADA,8790,A
2022,2,BOGOTA D.C.,BOGOTA  D.C.,TERPEL,BIODIESEL EXTRA,8710,A
2022,2,BOGOTA D.C.,BOGOTA  D.C.,TERPEL,GASOLINA EXTRA OXIGENADA,16430,A
2022,2,BOGOTA D.C.,BOGOTA  D.C.,TERPEL,BIODIESEL EXTRA,8660,A
2022,2,BOGOTA D.C.,BOGOTA  D.C.,TERPEL,GASOLINA CORRIENTE OXIGENADA,8830,A
2022,2,BOGOTA D.C.,BOGOTA  D.C.,TERPEL,BIODIESEL EXTRA,8780,A
2022,2,BOGOTA D.C.,BOGOTA  D.C.,TERPEL,GASOLINA CORRIENTE OXIGENADA,8930,A
2022,2,BOGOTA D.C.,BOGOTA  D.C.,PETROBRAS,GASOLINA CORRIENTE OXIGENADA,9190,A
2022,2,BOGOTA D.C.,BOGOTA  D.C.,PETROBRAS,BIODIESEL EXTRA,8950,A
2022,2,BOGOTA D.C.,BOGOTA  D.C.,PETROBRAS,GASOLINA EXTRA OXIGENADA,16970,A
2022,2,BOGOTA D.C.,BOGOTA  D.C.,MOBIL,GASOLINA CORRIENTE OXIGENADA,9370,A
2022,2,BOGOTA D.C.,BOGOTA  D.C.,MOBIL,GASOLINA EXTRA OXIGENADA,16770,A
2022,2,BOGOTA D.C.,BOGOTA  D.C.,MOBIL,GASOLINA EXTRA OXIGENADA,16370,A
2022,2,BOGOTA D.C.,BOGOTA  D.C.,MOBIL,GASOLINA CORRIENTE OXIGENADA,9330,A
2022,2,BOGOTA D.C.,BOGOTA  D.C.,MOBIL,BIODIESEL EXTRA,8960,A
2022,2,BOGOTA D.C.,BOGOTA  D.C.,MOBIL,GASOLINA CORRIENTE OXIGENADA,9170,A
2022,2,BOGOTA D.C.,BOGOTA  D.C.,BIOMAX,GASOLINA CORRIENTE OXIGENADA,8999,A
2022,2,BOGOTA D.C.,BOGOTA  D.C.,BIOMAX,BIODIESEL EXTRA,9199,A
2022,2,BOGOTA D.C.,BOGOTA  D.C.,BIOMAX,BIODIESEL EXTRA,9199,A
2022,2,BOGOTA D.C.,BOGOTA  D.C.,BIOMAX,GASOLINA CORRIENTE OXIGENADA,8999,A
2022,2,BOGOTA D.C.,BOGOTA  D.C.,BIOMAX,BIODIESEL EXTRA,9199,A
2022,2,BOGOTA D.C.,BOGOTA  D.C.,BIOMAX,GASOLINA CORRIENTE OXIGENADA,9339,A
2022,2,BOGOTA D.C.,BOGOTA  D.C.,BIOMAX,BIODIESEL EXTRA,9199,A
2022,2,BOGOTA D.C.,BOGOTA  D.C.,BIOMAX,GASOLINA CORRIENTE OXIGENADA,8999,A
2022,2,BOGOTA D.C.,BOGOTA  D.C.,BIOMAX,GASOLINA CORRIENTE OXIGENADA,9130,A
2022,2,BOGOTA D.C.,BOGOTA  D.C.,BIOMAX,BIODIESEL EXTRA,9199,A
2022,2,BOGOTA D.C.,BOGOTA  D.C.,BIOMAX,GASOLINA CORRIENTE OXIGENADA,9339,A
2022,2,BOGOTA D.C.,BOGOTA  D.C.,BIOMAX,BIODIESEL EXTRA,9199,A
2022,2,BOGOTA D.C.,BOGOTA  D.C.,BIOMAX,GASOLINA CORRIENTE OXIGENADA,9339,A
2022,2,BOGOTA D.C.,BOGOTA  D.C.,BIOMAX,BIODIESEL EXTRA,9199,A
2022,2,BOGOTA D.C.,BOGOTA  D.C.,BIOMAX,GASOLINA CORRIENTE OXIGENADA,8999,A
2022,2,BOGOTA D.C.,BOGOTA  D.C.,BIOMAX,BIODIESEL EXTRA,9350,A
2022,2,BOGOTA D.C.,BOGOTA  D.C.,BIOMAX,BIODIESEL EXTRA,9199,A
2022,2,BOGOTA D.C.,BOGOTA  D.C.,BIOMAX,BIODIESEL EXTRA,8965,A
2022,2,BOGOTA D.C.,BOGOTA  D.C.,BIOMAX,GASOLINA CORRIENTE OXIGENADA,9185,A
2022,2,BOGOTA D.C.,BOGOTA  D.C.,BIOMAX,GASOLINA CORRIENTE OXIGENADA,9369,A
2022,2,BOGOTA D.C.,BOGOTA  D.C.,BIOMAX,BIODIESEL EXTRA,9175,A
2022,2,BOGOTA D.C.,BOGOTA  D.C.,BIOMAX,GASOLINA EXTRA OXIGENADA,15000,A
2022,2,BOGOTA D.C.,BOGOTA  D.C.,BIOMAX,GASOLINA CORRIENTE OXIGENADA,9530,A
2022,2,BOGOTA D.C.,BOGOTA  D.C.,BIOMAX,BIODIESEL EXTRA,9350,A
2022,2,BOGOTA D.C.,BOGOTA  D.C.,TERPEL,GASOLINA CORRIENTE OXIGENADA,9060,A
2022,2,BOGOTA D.C.,BOGOTA  D.C.,TERPEL,BIODIESEL EXTRA,9010,A
2022,2,BOGOTA D.C.,BOGOTA  D.C.,BIOMAX,GASOLINA CORRIENTE OXIGENADA,9122,A
2022,2,BOGOTA D.C.,BOGOTA  D.C.,BIOMAX,BIODIESEL EXTRA,9369,A
2022,2,BOGOTA D.C.,BOGOTA  D.C.,BIOMAX,BIODIESEL EXTRA,9100,A
2022,2,BOGOTA D.C.,BOGOTA  D.C.,BIOMAX,GASOLINA CORRIENTE OXIGENADA,9350,A
2022,2,BOGOTA D.C.,BOGOTA  D.C.,BIOMAX,GASOLINA CORRIENTE OXIGENADA,9369,A
2022,2,BOGOTA D.C.,BOGOTA  D.C.,BIOMAX,BIODIESEL EXTRA,9189,A
2022,2,BOGOTA D.C.,BOGOTA  D.C.,TERPEL,BIODIESEL EXTRA,9190,A
2022,2,BOGOTA D.C.,BOGOTA  D.C.,TERPEL,GASOLINA EXTRA OXIGENADA,15420,A
2022,2,BOGOTA D.C.,BOGOTA  D.C.,TERPEL,GASOLINA CORRIENTE OXIGENADA,9070,A
2022,2,BOGOTA D.C.,BOGOTA  D.C.,TERPEL,BIODIESEL EXTRA,9060,A
2022,2,BOGOTA D.C.,BOGOTA  D.C.,TERPEL,GASOLINA CORRIENTE OXIGENADA,9090,A
2022,2,BOGOTA D.C.,BOGOTA  D.C.,TERPEL,GASOLINA EXTRA OXIGENADA,16190,A
2022,2,BOGOTA D.C.,BOGOTA  D.C.,TERPEL,BIODIESEL EXTRA,8599,A
2022,2,BOGOTA D.C.,BOGOTA  D.C.,TERPEL,GASOLINA CORRIENTE OXIGENADA,8813,A
2022,2,BOGOTA D.C.,BOGOTA  D.C.,PETROBRAS,BIODIESEL EXTRA,9040,A
2022,2,BOGOTA D.C.,BOGOTA  D.C.,PETROBRAS,GASOLINA CORRIENTE OXIGENADA,9210,A
2022,2,BOGOTA D.C.,BOGOTA  D.C.,TERPEL,GASOLINA CORRIENTE OXIGENADA,8940,A
2022,2,BOGOTA D.C.,BOGOTA  D.C.,TERPEL,GASOLINA EXTRA OXIGENADA,16050,A
2022,2,BOGOTA D.C.,BOGOTA  D.C.,TERPEL,BIODIESEL EXTRA,8720,A
2022,2,BOGOTA D.C.,BOGOTA  D.C.,BIOMAX,GASOLINA CORRIENTE OXIGENADA,9211,A
2022,2,BOGOTA D.C.,BOGOTA  D.C.,BIOMAX,BIODIESEL EXTRA,8995,A
2022,2,BOGOTA D.C.,BOGOTA  D.C.,TEXACO,BIODIESEL EXTRA,9000,A
2022,2,BOGOTA D.C.,BOGOTA  D.C.,TEXACO,GASOLINA EXTRA OXIGENADA,16000,A
2022,2,BOGOTA D.C.,BOGOTA  D.C.,TEXACO,GASOLINA CORRIENTE OXIGENADA,9500,A
2022,2,BOGOTA D.C.,BOGOTA  D.C.,BIOMAX,GASOLINA CORRIENTE OXIGENADA,9219,A
2022,2,BOGOTA D.C.,BOGOTA  D.C.,BIOMAX,BIODIESEL EXTRA,8929,A
2022,2,BOGOTA D.C.,BOGOTA  D.C.,TEXACO,BIODIESEL EXTRA,9152,A
2022,2,BOGOTA D.C.,BOGOTA  D.C.,TEXACO,GASOLINA CORRIENTE OXIGENADA,9372,A
2022,2,BOGOTA D.C.,BOGOTA  D.C.,BIOMAX,GASOLINA CORRIENTE OXIGENADA,9530,A
2022,2,BOGOTA D.C.,BOGOTA  D.C.,TERPEL,GASOLINA CORRIENTE OXIGENADA,9325,A
2022,2,BOGOTA D.C.,BOGOTA  D.C.,TERPEL,BIODIESEL EXTRA,9029,A
2022,2,BOGOTA D.C.,BOGOTA  D.C.,TERPEL,BIODIESEL EXTRA,8590,A
2022,2,BOGOTA D.C.,BOGOTA  D.C.,TERPEL,GASOLINA CORRIENTE OXIGENADA,8720,A
2022,2,BOGOTA D.C.,BOGOTA  D.C.,BIOMAX,GASOLINA EXTRA OXIGENADA,16890,A
2022,2,BOGOTA D.C.,BOGOTA  D.C.,BIOMAX,BIODIESEL EXTRA,9260,A
2022,2,BOGOTA D.C.,BOGOTA  D.C.,BIOMAX,GASOLINA EXTRA OXIGENADA,16510,A
2022,2,BOGOTA D.C.,BOGOTA  D.C.,BIOMAX,GASOLINA CORRIENTE OXIGENADA,9380,A
2022,2,BOGOTA D.C.,BOGOTA  D.C.,BIOMAX,GASOLINA CORRIENTE OXIGENADA,9380,A
2022,2,BOGOTA D.C.,BOGOTA  D.C.,BIOMAX,BIODIESEL EXTRA,9260,A
2022,2,BOGOTA D.C.,BOGOTA  D.C.,PUMA,GASOLINA CORRIENTE OXIGENADA,8979,A
2022,2,BOGOTA D.C.,BOGOTA  D.C.,PUMA,BIODIESEL EXTRA,8979,A
2022,2,BOGOTA D.C.,BOGOTA  D.C.,BIOMAX,BIODIESEL EXTRA,8890,A
2022,2,BOGOTA D.C.,BOGOTA  D.C.,BIOMAX,BIODIESEL EXTRA,8890,A
2022,2,BOGOTA D.C.,BOGOTA  D.C.,BIOMAX,GASOLINA EXTRA OXIGENADA,16350,A
2022,2,BOGOTA D.C.,BOGOTA  D.C.,BIOMAX,GASOLINA CORRIENTE OXIGENADA,9040,A
2022,2,BOGOTA D.C.,BOGOTA  D.C.,BIOMAX,GASOLINA CORRIENTE OXIGENADA,9040,A
2022,2,BOGOTA D.C.,BOGOTA  D.C.,BIOMAX,GASOLINA EXTRA OXIGENADA,16690,A
2022,2,BOGOTA D.C.,BOGOTA  D.C.,MOBIL,GASOLINA CORRIENTE OXIGENADA,8789,A
2022,2,BOGOTA D.C.,BOGOTA  D.C.,MOBIL,GASOLINA EXTRA OXIGENADA,8789,A
2022,2,BOGOTA D.C.,BOGOTA  D.C.,MOBIL,GASOLINA CORRIENTE OXIGENADA,8977,A
2022,2,BOGOTA D.C.,BOGOTA  D.C.,MOBIL,BIODIESEL EXTRA,10199,A
2022,2,BOGOTA D.C.,BOGOTA  D.C.,MOBIL,BIODIESEL EXTRA,10199,A
2022,2,BOGOTA D.C.,BOGOTA  D.C.,MOBIL,GASOLINA EXTRA OXIGENADA,8977,A
2022,2,BOGOTA D.C.,BOGOTA  D.C.,BIOMAX,BIODIESEL EXTRA,9015,A
2022,2,BOGOTA D.C.,BOGOTA  D.C.,BIOMAX,GASOLINA CORRIENTE OXIGENADA,9200,A
2022,2,BOGOTA D.C.,BOGOTA  D.C.,TEXACO,BIODIESEL EXTRA,9220,A
2022,2,BOGOTA D.C.,BOGOTA  D.C.,TEXACO,GASOLINA CORRIENTE OXIGENADA,9550,A
2022,2,BOGOTA D.C.,BOGOTA  D.C.,TEXACO,GASOLINA EXTRA OXIGENADA,16770,A
2022,2,BOGOTA D.C.,BOGOTA  D.C.,TEXACO,GASOLINA EXTRA OXIGENADA,16990,A
2022,2,BOGOTA D.C.,BOGOTA  D.C.,TEXACO,BIODIESEL EXTRA,9580,A
2022,2,BOGOTA D.C.,BOGOTA  D.C.,TEXACO,GASOLINA CORRIENTE OXIGENADA,9590,A
2022,2,BOGOTA D.C.,BOGOTA  D.C.,TEXACO,GASOLINA CORRIENTE OXIGENADA,9590,A
2022,2,BOGOTA D.C.,BOGOTA  D.C.,TEXACO,BIODIESEL EXTRA,9580,A
2022,2,BOGOTA D.C.,BOGOTA  D.C.,TEXACO,GASOLINA EXTRA OXIGENADA,16700,A
2022,2,BOGOTA D.C.,BOGOTA  D.C.,TERPEL,GASOLINA EXTRA OXIGENADA,16180,A
2022,2,BOGOTA D.C.,BOGOTA  D.C.,TERPEL,GASOLINA CORRIENTE OXIGENADA,8840,A
2022,2,BOGOTA D.C.,BOGOTA  D.C.,TERPEL,BIODIESEL EXTRA,8830,A
2022,2,BOGOTA D.C.,BOGOTA  D.C.,MOBIL,GASOLINA CORRIENTE OXIGENADA,9299,A
2022,2,BOGOTA D.C.,BOGOTA  D.C.,MOBIL,BIODIESEL EXTRA,9649,A
2022,2,BOGOTA D.C.,BOGOTA  D.C.,PETROBRAS,BIODIESEL EXTRA,9152,A
2022,2,BOGOTA D.C.,BOGOTA  D.C.,PETROBRAS,GASOLINA CORRIENTE OXIGENADA,9372,A
2022,2,BOGOTA D.C.,BOGOTA  D.C.,BIOMAX,GASOLINA EXTRA OXIGENADA,16375,A
2022,2,BOGOTA D.C.,BOGOTA  D.C.,BIOMAX,BIODIESEL EXTRA,8945,A
2022,2,BOGOTA D.C.,BOGOTA  D.C.,BIOMAX,GASOLINA CORRIENTE OXIGENADA,9145,A
2022,2,BOGOTA D.C.,BOGOTA  D.C.,OCTANO,BIODIESEL EXTRA,8900,A
2022,2,BOGOTA D.C.,BOGOTA  D.C.,OCTANO,GASOLINA CORRIENTE OXIGENADA,9120,A
2022,2,BOGOTA D.C.,BOGOTA  D.C.,ESSO,GASOLINA CORRIENTE OXIGENADA,9020,A
2022,2,BOGOTA D.C.,BOGOTA  D.C.,ESSO,BIODIESEL EXTRA,8899,A
2022,2,BOGOTA D.C.,BOGOTA  D.C.,ESSO,BIODIESEL EXTRA,8899,A
2022,2,BOGOTA D.C.,BOGOTA  D.C.,ESSO,GASOLINA CORRIENTE OXIGENADA,8999,A
2022,2,BOGOTA D.C.,BOGOTA  D.C.,PETROBRAS,GASOLINA CORRIENTE OXIGENADA,9020,A
2022,2,BOGOTA D.C.,BOGOTA  D.C.,PETROBRAS,BIODIESEL EXTRA,8650,A
2022,2,BOGOTA D.C.,BOGOTA  D.C.,PETROBRAS,GASOLINA EXTRA OXIGENADA,15500,A
2022,2,BOGOTA D.C.,BOGOTA  D.C.,PETROBRAS,GASOLINA CORRIENTE OXIGENADA,8870,A
2022,2,BOGOTA D.C.,BOGOTA  D.C.,PETROBRAS,BIODIESEL EXTRA,8730,A
2022,2,BOGOTA D.C.,BOGOTA  D.C.,PETROBRAS,GASOLINA CORRIENTE,8729,A
2022,2,BOGOTA D.C.,BOGOTA  D.C.,PETROBRAS,BIODIESEL EXTRA,8589,A
2022,2,BOGOTA D.C.,BOGOTA  D.C.,PETROBRAS,GASOLINA EXTRA,15716,A
2022,2,BOGOTA D.C.,BOGOTA  D.C.,PETROBRAS,GASOLINA CORRIENTE OXIGENADA,8729,A
2022,2,BOGOTA D.C.,BOGOTA  D.C.,PETROBRAS,GASOLINA EXTRA OXIGENADA,15716,A
2022,2,BOGOTA D.C.,BOGOTA  D.C.,OCTANO,GASOLINA CORRIENTE OXIGENADA,9200,A
2022,2,BOGOTA D.C.,BOGOTA  D.C.,OCTANO,BIODIESEL EXTRA,9015,A
2022,2,BOGOTA D.C.,BOGOTA  D.C.,OCTANO,GASOLINA CORRIENTE OXIGENADA,9160,A
2022,2,BOGOTA D.C.,BOGOTA  D.C.,OCTANO,BIODIESEL EXTRA,8975,A
2022,2,BOGOTA D.C.,BOGOTA  D.C.,TERPEL,BIODIESEL EXTRA,8852,A
2022,2,BOGOTA D.C.,BOGOTA  D.C.,TERPEL,GASOLINA CORRIENTE OXIGENADA,9161,A
2022,2,BOGOTA D.C.,BOGOTA  D.C.,TERPEL,GASOLINA EXTRA OXIGENADA,16238,A
2022,2,BOGOTA D.C.,BOGOTA  D.C.,ZEUSS,BIODIESEL EXTRA,8690,A
2022,2,BOGOTA D.C.,BOGOTA  D.C.,ZEUSS,GASOLINA CORRIENTE OXIGENADA,9422,A
2022,2,BOGOTA D.C.,BOGOTA  D.C.,PETROMIL,GASOLINA CORRIENTE OXIGENADA,9099,A
2022,2,BOGOTA D.C.,BOGOTA  D.C.,PETROMIL,BIODIESEL EXTRA,9169,A
2022,2,BOGOTA D.C.,BOGOTA  D.C.,PETROMIL,GASOLINA EXTRA OXIGENADA,16499,A
2022,2,BOGOTA D.C.,BOGOTA  D.C.,PETROMIL,GASOLINA EXTRA OXIGENADA,16690,A
2022,2,BOGOTA D.C.,BOGOTA  D.C.,PETROMIL,GASOLINA CORRIENTE OXIGENADA,8899,A
2022,2,BOGOTA D.C.,BOGOTA  D.C.,PETROMIL,BIODIESEL EXTRA,9169,A
2022,2,BOGOTA D.C.,BOGOTA  D.C.,PETROMIL,BIODIESEL EXTRA,9169,A
2022,2,BOGOTA D.C.,BOGOTA  D.C.,PETROMIL,GASOLINA CORRIENTE OXIGENADA,9099,A
2022,2,BOGOTA D.C.,BOGOTA  D.C.,PETROMIL,GASOLINA EXTRA OXIGENADA,16099,A
2022,2,BOGOTA D.C.,BOGOTA  D.C.,PETROBRAS,BIODIESEL EXTRA,8650,A
2022,2,BOGOTA D.C.,BOGOTA  D.C.,PETROBRAS,GASOLINA CORRIENTE OXIGENADA,8845,A
2022,2,BOGOTA D.C.,BOGOTA  D.C.,PETROMIL,GASOLINA EXTRA OXIGENADA,16100,A
2022,2,BOGOTA D.C.,BOGOTA  D.C.,PETROMIL,GASOLINA EXTRA OXIGENADA,16590,A
2022,2,BOGOTA D.C.,BOGOTA  D.C.,PETROMIL,BIODIESEL EXTRA,8690,A
2022,2,BOGOTA D.C.,BOGOTA  D.C.,PETROMIL,GASOLINA CORRIENTE OXIGENADA,8890,A
2022,2,BOGOTA D.C.,BOGOTA  D.C.,PETROMIL,GASOLINA CORRIENTE OXIGENADA,8890,A
2022,2,BOGOTA D.C.,BOGOTA  D.C.,PETROMIL,BIODIESEL EXTRA,8690,A
2022,2,BOGOTA D.C.,BOGOTA  D.C.,PETROMIL,GASOLINA CORRIENTE OXIGENADA,8890,A
2022,2,BOGOTA D.C.,BOGOTA  D.C.,PETROMIL,GASOLINA EXTRA OXIGENADA,16690,A
2022,2,BOGOTA D.C.,BOGOTA  D.C.,PETROMIL,BIODIESEL EXTRA,8690,A
2022,2,BOGOTA D.C.,BOGOTA  D.C.,TEXACO,GASOLINA EXTRA OXIGENADA,15795,A
2022,2,BOGOTA D.C.,BOGOTA  D.C.,TEXACO,GASOLINA CORRIENTE OXIGENADA,9190,A
2022,2,BOGOTA D.C.,BOGOTA  D.C.,TEXACO,BIODIESEL EXTRA,8880,A
2022,2,BOGOTA D.C.,BOGOTA  D.C.,BIOMAX,GASOLINA CORRIENTE OXIGENADA,8950,A
2022,2,BOGOTA D.C.,BOGOTA  D.C.,BIOMAX,GASOLINA EXTRA OXIGENADA,15390,A
2022,2,BOGOTA D.C.,BOGOTA  D.C.,BIOMAX,BIODIESEL EXTRA,8730,A
2022,2,BOGOTA D.C.,BOGOTA  D.C.,BIOMAX,GASOLINA EXTRA OXIGENADA,16200,A
2022,2,BOGOTA D.C.,BOGOTA  D.C.,BIOMAX,GASOLINA CORRIENTE OXIGENADA,8760,A
2022,2,BOGOTA D.C.,BOGOTA  D.C.,BIOMAX,BIODIESEL EXTRA,8550,A
2022,2,BOGOTA D.C.,BOGOTA  D.C.,TEXACO,GASOLINA EXTRA OXIGENADA,16895,A
2022,2,BOGOTA D.C.,BOGOTA  D.C.,TEXACO,GASOLINA CORRIENTE OXIGENADA,9685,A
2022,2,BOGOTA D.C.,BOGOTA  D.C.,TEXACO,BIODIESEL EXTRA,9462,A
2022,2,BOGOTA D.C.,BOGOTA  D.C.,BIOMAX,BIODIESEL EXTRA,8699,A
2022,2,BOGOTA D.C.,BOGOTA  D.C.,BIOMAX,GASOLINA CORRIENTE OXIGENADA,8699,A
2022,2,BOGOTA D.C.,BOGOTA  D.C.,TERPEL,GASOLINA EXTRA OXIGENADA,16900,A
2022,2,BOGOTA D.C.,BOGOTA  D.C.,TERPEL,BIODIESEL EXTRA,9100,A
2022,2,BOGOTA D.C.,BOGOTA  D.C.,TERPEL,GASOLINA CORRIENTE OXIGENADA,9260,A
2022,2,BOGOTA D.C.,BOGOTA  D.C.,OCTANO,GASOLINA CORRIENTE OXIGENADA,9372,A
2022,2,BOGOTA D.C.,BOGOTA  D.C.,OCTANO,BIODIESEL EXTRA,9152,A
2022,2,BOGOTA D.C.,BOGOTA  D.C.,TERPEL,GASOLINA EXTRA OXIGENADA,15779,A
2022,2,BOGOTA D.C.,BOGOTA  D.C.,TERPEL,GASOLINA CORRIENTE OXIGENADA,9179,A
2022,2,BOGOTA D.C.,BOGOTA  D.C.,TERPEL,BIODIESEL EXTRA,9019,A
2022,2,BOGOTA D.C.,BOGOTA  D.C.,PETROMIL,BIODIESEL EXTRA,9169,A
2022,2,BOGOTA D.C.,BOGOTA  D.C.,PETROMIL,GASOLINA EXTRA OXIGENADA,16499,A
2022,2,BOGOTA D.C.,BOGOTA  D.C.,PETROMIL,GASOLINA CORRIENTE OXIGENADA,9099,A
2022,2,BOGOTA D.C.,BOGOTA  D.C.,PETROMIL,GASOLINA EXTRA OXIGENADA,16690,A
2022,2,BOGOTA D.C.,BOGOTA  D.C.,PETROMIL,GASOLINA CORRIENTE OXIGENADA,8899,A
2022,2,BOGOTA D.C.,BOGOTA  D.C.,PETROMIL,BIODIESEL EXTRA,9169,A
2022,2,BOGOTA D.C.,BOGOTA  D.C.,PETROMIL,GASOLINA EXTRA OXIGENADA,16099,A
2022,2,BOGOTA D.C.,BOGOTA  D.C.,PETROMIL,GASOLINA CORRIENTE OXIGENADA,9099,A
2022,2,BOGOTA D.C.,BOGOTA  D.C.,PETROMIL,BIODIESEL EXTRA,9169,A
2022,2,BOGOTA D.C.,BOGOTA  D.C.,ESSO,BIODIESEL EXTRA,8840,A
2022,2,BOGOTA D.C.,BOGOTA  D.C.,ESSO,GASOLINA CORRIENTE OXIGENADA,8859,A
2022,2,BOGOTA D.C.,BOGOTA  D.C.,PETROMIL,GASOLINA CORRIENTE OXIGENADA,8899,A
2022,2,BOGOTA D.C.,BOGOTA  D.C.,PETROMIL,BIODIESEL EXTRA,9169,A
2022,2,BOGOTA D.C.,BOGOTA  D.C.,PETROMIL,GASOLINA EXTRA OXIGENADA,16099,A
2022,2,BOGOTA D.C.,BOGOTA  D.C.,PETROMIL,GASOLINA EXTRA OXIGENADA,16499,A
2022,2,BOGOTA D.C.,BOGOTA  D.C.,PETROMIL,BIODIESEL EXTRA,9169,A
2022,2,BOGOTA D.C.,BOGOTA  D.C.,PETROMIL,GASOLINA CORRIENTE OXIGENADA,9099,A
2022,2,BOGOTA D.C.,BOGOTA  D.C.,PETROMIL,GASOLINA CORRIENTE OXIGENADA,9099,A
2022,2,BOGOTA D.C.,BOGOTA  D.C.,PETROMIL,BIODIESEL EXTRA,9169,A
2022,2,BOGOTA D.C.,BOGOTA  D.C.,PETROMIL,GASOLINA EXTRA OXIGENADA,16690,A
2022,2,BOGOTA D.C.,BOGOTA  D.C.,ESSO,GASOLINA CORRIENTE OXIGENADA,8729,A
2022,2,BOGOTA D.C.,BOGOTA  D.C.,ESSO,BIODIESEL EXTRA,8589,A
2022,2,BOGOTA D.C.,BOGOTA  D.C.,ESSO,BIODIESEL EXTRA,8750,A
2022,2,BOGOTA D.C.,BOGOTA  D.C.,ESSO,GASOLINA CORRIENTE OXIGENADA,8799,A
2022,2,BOGOTA D.C.,BOGOTA  D.C.,ESSO,GASOLINA CORRIENTE OXIGENADA,9330,A
2022,2,BOGOTA D.C.,BOGOTA  D.C.,ESSO,GASOLINA EXTRA OXIGENADA,16690,A
2022,2,BOGOTA D.C.,BOGOTA  D.C.,ESSO,BIODIESEL EXTRA,9100,A
2022,2,BOGOTA D.C.,BOGOTA  D.C.,ESSO,GASOLINA EXTRA OXIGENADA,15550,A
2022,2,BOGOTA D.C.,BOGOTA  D.C.,ESSO,GASOLINA CORRIENTE OXIGENADA,9165,A
2022,2,BOGOTA D.C.,BOGOTA  D.C.,ESSO,BIODIESEL EXTRA,8760,A
2022,2,BOGOTA D.C.,BOGOTA  D.C.,TEXACO,BIODIESEL EXTRA,8843,A
2022,2,BOGOTA D.C.,BOGOTA  D.C.,TEXACO,GASOLINA CORRIENTE OXIGENADA,8990,A
2022,2,BOGOTA D.C.,BOGOTA  D.C.,TEXACO,BIODIESEL EXTRA,9238,A
2022,2,BOGOTA D.C.,BOGOTA  D.C.,TEXACO,GASOLINA CORRIENTE OXIGENADA,9474,A
2022,2,BOGOTA D.C.,BOGOTA  D.C.,ESSO,GASOLINA EXTRA OXIGENADA,16690,A
2022,2,BOGOTA D.C.,BOGOTA  D.C.,ESSO,GASOLINA CORRIENTE OXIGENADA,9590,A
2022,2,BOGOTA D.C.,BOGOTA  D.C.,ESSO,GASOLINA CORRIENTE OXIGENADA,9620,A
2022,2,BOGOTA D.C.,BOGOTA  D.C.,ESSO,BIODIESEL EXTRA,10290,A
2022,2,BOGOTA D.C.,BOGOTA  D.C.,ESSO,BIODIESEL EXTRA,10390,A
2022,2,BOGOTA D.C.,BOGOTA  D.C.,ESSO,GASOLINA EXTRA OXIGENADA,16890,A
